name,entityFile,sms,objectType,objectType8,role,nation,disCountry,deployable,echelon,echelonLevelParam,branch,specific,extra,guiCategories,shortName,guiCanCreate,nSubordinates,subordinates,magx,selfResolves
"ABM Site (USA, SM-3)","ABM Site (USA, SM-3).entity",AggregateTacticalLevel,11:1:225:6:11:1:161,3:11:1:225:6:11:1:161,UNIT,USA,225,US,BN,,AirDefenseArtillery,1,161,Air Defense Ground Vehicle Unit,ABM Site,True,0,,"ABM Site (USA, SM-3).magx -> ABM Site (USA, SM-3)",yes
"AD BN (BLR, 9K33 SA-8)","AD BN (BLR, 9K33 SA-8).entity",AggregateTacticalLevel,11:1:246:6:11:1:9,3:11:1:246:6:11:1:9,UNIT,BLR,246,BY,BN,BN,AirDefenseArtillery,1,9,Unit Air Defense Ground Vehicle,SA-8,True,0,,"AD BN (BLR, 9K33).magx -> AD BN (BLR, 9K33)",yes
"AD BN (BLR, S-300)","AD BN (BLR, S-300).entity",AggregateTacticalLevel,11:1:246:6:11:1:55,3:11:1:246:6:11:1:55,UNIT,BLR,246,BY,BN,BN,AirDefenseArtillery,1,55,Unit Air Defense Ground Vehicle,SAM,True,0,,"AD BN (BLR, S-300).magx -> AD BN (BLR, S-300)",yes
"AD BN (BLR, S-300PT)","AD BN (BLR, S-300PT).entity",AggregateTacticalLevel,11:1:246:6:11:1:56,3:11:1:246:6:11:1:56,UNIT,BLR,246,BY,BN,BN,AirDefenseArtillery,1,56,Unit Air Defense Ground Vehicle,SAM,True,0,,"AD BN (BLR, S-300PT).magx -> AD BN (BLR, S-300PT)",yes
"ADA BN (BLR, SA-19, SA-8, SA-13, SA-18)","ADA BN (BLR, 2S6 SA-19, 9K33 SA-8, 9K35 SA-13, 9K38 SA-18).entity",AggregateTacticalLevel,11:1:246:6:11:1:127,3:11:1:246:6:11:1:127,CONTAINER,BLR,246,BY,BN,BN,AirDefenseArtillery,1,127,Air Defense Echelon Group Ground Vehicle,ADA,True,6,"HQ: ADA BTY HQ (RUS); SAM: ADA BTY (RUS, 2S6M SA-19); SAM: SAM BTY (RUS, 9K35 SA-13); SAM: SAM BTY (BLR, 9K33 SA-8); SAM: SAM BTY (BLR, 9K38 SA-18); SPT: Service and Supply PLT (RUS)","ADA BN (BLR, 2A6, 9K33, 9K35, 9K38).magx -> ADA BN (BLR, 2A6, 9K33, 9K35, 9K38)",yes
"ADA BN (POL, CAMM)","ADA BN (POL, CAMM).entity",AggregateTacticalLevel,11:1:175:6:11:1:0,3:11:1:175:6:11:1:0,UNIT,POL,175,PL,BN,BN,AirDefenseArtillery,1,0,Unit Air Defense Ground Vehicle,ADA,True,0,,"ADA  BN (POL, CAMM).magx -> ADA  BN (POL, CAMM)",yes
"ADA BN (POL, ZSU-23-4MP)","ADA BN (POL, ZSU-23-4MP).entity",AggregateTacticalLevel,11:1:175:6:11:1:2,3:11:1:175:6:11:1:2,UNIT,POL,175,PL,BN,BN,AirDefenseArtillery,1,2,Unit Air Defense Ground Vehicle,ADA,True,0,,"ADA BN (POL, ZSU-23-4MP).magx -> ADA BN (POL, ZSU-23-4MP)",yes
"ADA BN (POL, ZU-23-2KG)","ADA BN (POL, ZU-23-2KG).entity",AggregateTacticalLevel,11:1:175:6:11:1:18,3:11:1:175:6:11:1:18,UNIT,POL,175,PL,BN,BN,AirDefenseArtillery,1,18,Unit Air Defense Ground Vehicle,ADA,True,0,,"ADA BN (POL, ZU-23-2KG).magx -> ADA BN (POL, ZU-23-2KG)",yes
"ADA BN (RUS, 9K330 SA-15)","ADA BN (RUS, 9K330 SA-15).entity",AggregateTacticalLevel,11:1:260:6:11:1:20,3:11:1:260:6:11:1:20,UNIT,RUS,260,,BN,BN,AirDefenseArtillery,1,20,Unit Air Defense Ground Vehicle,SA-15,True,0,,"ADA BN (RU, 9K330).magx -> ADA BN (RU, 9K330)",yes
"ADA BN (RUS, SA-13, SA-19)","ADA BN (RUS, 9K35 SA-13, 2S6M SA-19).entity",AggregateTacticalLevel,11:1:260:6:11:1:127,3:11:1:260:6:11:1:127,CONTAINER,RUS,260,RU,BN,BN,AirDefenseArtillery,1,127,Air Defense Echelon Group Ground Vehicle,ADA,True,4,"HQ: ADA BTY HQ (RUS); SAM: SAM BTY (RUS, 9K35 SA-13); SAM: ADA BTY (RUS, 2S6M SA-19); SPT: Service and Supply PLT (RUS)","ADA BN (RUS, 9K35, 2S6M).magx -> ADA BN (RUS, 9K35, 2S6M)",yes
"ADA BTY (LTU, NASAMS)","ADA BTY (LTU, NASAMS).entity",AggregateTacticalLevel,11:1:255:4:11:0:0,3:11:1:255:4:11:0:0,UNIT,LTU,255,LT,BTY,BTY,AirDefenseArtillery,0,0,Unit Air Defense Ground Vehicle,ADA,True,0,,"ADA BTY (LTU, NASAMS).magx -> ADA BTY (LTU, NASAMS)",yes
"ADA BTY (POL, CAMM)","ADA BTY (POL, CAMM).entity",AggregateTacticalLevel,11:1:175:4:11:0:0,3:11:1:175:4:11:0:0,UNIT,POL,175,PL,BTY,BTY,AirDefenseArtillery,0,0,Unit Air Defense Ground Vehicle,ADA,True,0,,"ADA  Battery (POL, CAMM).magx -> ADA  Battery (POL, CAMM)",yes
"ADA BTY (ROU, 9K33 SA-8)","ADA BTY (ROU, 9K33 SA-8).entity",AggregateTacticalLevel,11:1:180:4:11:0:18,3:11:1:180:4:11:0:18,UNIT,ROU,180,RO,BTY,BTY,AirDefenseArtillery,0,18,Unit Air Defense Ground Vehicle,SA-8,True,0,,"ADA BTY (ROU, 9K33).magx -> ADA BTY (ROU, 9K33)",yes
"ADA BTY (RUS, 2S6M SA-19)","ADA BTY (RUS, 2S6M SA-19).entity",AggregateTacticalLevel,11:1:260:4:11:0:19,3:11:1:260:4:11:0:19,UNIT,RUS,260,RU,BTY,BTY,AirDefenseArtillery,0,19,Unit Air Defense Ground Vehicle,SA-19,True,0,,"ADA BTY (RUS, 2S6M).magx -> ADA BTY (RUS, 2S6M)",yes
"ADA BTY (RUS, 96K6 SA-22)","ADA BTY (RUS, 96K6 SA-22).entity",AggregateTacticalLevel,11:1:260:4:11:0:22,3:11:1:260:4:11:0:22,UNIT,RUS,260,RU,BTY,BTY,AirDefenseArtillery,0,22,Unit Air Defense Ground Vehicle,SA-22,True,0,,"ADA BTY (RUS, 96K6).magx -> ADA BTY (RUS, 96K6)",yes
"ADA BTY (RUS, ZSU-23-4M, 9K38)","ADA BTY (RUS, ZSU-23-4M, 9K38).entity",AggregateTacticalLevel,11:1:260:4:11:1:18,3:11:1:260:4:11:1:18,UNIT,RUS,260,RU,BTY,BTY,AirDefenseArtillery,1,18,Unit Air Defense Ground Vehicle,ADA,True,0,,"ADA BTY (RUS, ZSU-23-4M, 9K38).magx -> ADA BTY (RUS, ZSU-23-4M, 9K38)",yes
"ADA BTY (USA, MIM-104 Patriot)","ADA BTY (USA, MIM-104 Patriot).entity",AggregateTacticalLevel,11:1:225:4:11:0:0,3:11:1:225:4:11:0:0,UNIT,USA,225,US,BTY,BTY,AirDefenseArtillery,0,0,Unit Air Defense Artillery Ground Vehicle,MIM-104,True,0,,"ADA BTY (USA, MIM-104 Patriot).magx -> ADA BTY (USA, MIM-104 Patriot)",yes
ADA BTY HQ (RUS),ADA BTY HQ (RUS).entity,AggregateTacticalLevel,11:1:260:3:11:1:126,3:11:1:260:3:11:1:126,UNIT,RUS,260,RU,PLT,PLT,AirDefenseArtillery,1,126,Unit Motorized Ground Vehicle,ADA HQ,True,0,,ADA BTY HQ (RUS).magx -> ADA BTY HQ (RUS),yes
"ADA BTY PA (RUS, 96K6 SA-22)","ADA BTY PA (RUS, 96K6 SA-22).entity",AggregateTacticalLevel,11:1:260:4:11:0:127,3:11:1:260:4:11:0:127,CONTAINER,RUS,260,RU,BTY,BTY,AirDefenseArtillery,0,127,Air Defense Echelon Group Ground Vehicle,SA-22,True,5,"HQ: ADA BTY HQ (RUS); SAM x3: ADA PLT (RUS, 96K6 SA-22); SPT: Service and Supply PLT (RUS)","ADA BTY PA  (RUS, 96K6 SA-22).magx -> ADA BTY PA  (RUS, 96K6 SA-22)",yes
"ADA PLT (RUS, 2S6M SA-19)","ADA PLT (RUS, 2S6M SA-19).entity",AggregateTacticalLevel,11:1:260:3:11:0:19,3:11:1:260:3:11:0:19,UNIT,RUS,260,RU,PLT,PLT,AirDefenseArtillery,0,19,Unit Air Defense Ground Vehicle,SA-19,True,0,,"ADA PLT (RUS, 2S6M).magx -> ADA PLT (RUS, 2S6M)",yes
"ADA PLT (RUS, 96K6 SA-22)","ADA PLT (RUS, 96K6 SA-22).entity",AggregateTacticalLevel,11:1:260:3:11:0:22,3:11:1:260:3:11:0:22,UNIT,RUS,260,RU,PLT,PLT,AirDefenseArtillery,0,22,Unit Air Defense Ground Vehicle,SA-22,True,0,,"ADA PLT (RUS, 96K6 SA-22).magx -> ADA PLT (RUS, 96K6 SA-22)",yes
"ADA PLT (US, Avenger)","ADA PLT (US, Avenger).entity",AggregateTacticalLevel,11:1:225:3:11:0:1,3:11:1:225:3:11:0:1,UNIT,USA,225,US,PLT,PLT,AirDefenseArtillery,0,1,Unit Air Defense Artillery Land,ADA,True,0,,,yes
"ADA RGT PA (POL, CAMM, GROM)","ADA RGT PA (POL, CAMM, GROM).entity",AggregateTacticalLevel,11:1:175:7:11:1:127,3:11:1:175:7:11:1:127,CONTAINER,POL,175,PL,RGT,RGT,AirDefenseArtillery,1,127,Echelon Group Air Defense Ground Vehicle,ADA,True,5,"HQ: Motorized BN HQ (POL, Rosomak); ADA: ADA BN (POL, ZU-23-2KG); SAM x2: ADA BN (POL, CAMM); SPT: Logistics BN (POL)","ADA  RGT PA (POL, CAMM, GROM).magx -> ADA  RGT PA (POL, CAMM, GROM)",yes
ADA Targeting Battery (POL),ADA Targeting Battery (POL).entity,AggregateTacticalLevel,11:1:175:4:11:0:55,3:11:1:175:4:11:0:55,UNIT,POL,175,PL,BTY,BTY,AirDefenseArtillery,0,55,Unit Air Defense Ground Vehicle,AD TGT,True,0,,ADA Targeting Battery (POL).magx -> ADA Targeting Battery (POL),yes
"AGL PLT (BLR, BMP, AGS-17)","AGL PLT (BLR, BMP, AGS-17).entity",AggregateTacticalLevel,11:1:246:3:4:0:40,3:11:1:246:3:4:0:40,UNIT,BLR,246,RU,PLT,PLT,MechanizedInfantry,0,40,Unit Ground Vehicle Mechanized,AGL,True,0,,"AGL PLT (BLR, BMP, AGS-17).magx -> AGL PLT (BLR, BMP, AGS-17)",yes
"AGL PLT (RUS, BMP-3, AGS-17)","AGL PLT (RUS, BMP-3, AGS-17).entity",AggregateTacticalLevel,11:1:260:3:4:0:40,3:11:1:260:3:4:0:40,UNIT,RUS,260,RU,PLT,PLT,MechanizedInfantry,0,40,Unit Ground Vehicle Mechanized,AGL,True,0,,"AGL PLT (RU, BMP-3, AGS-17).magx -> AGL PLT (RU, BMP-3, AGS-17)",yes
"AT BN (POL, Rosomak)","AT BN (POL, Rosomak).entity",AggregateTacticalLevel,11:1:175:6:12:0:0,3:11:1:175:6:12:0:0,UNIT,POL,175,PL,BN,BN,AntiTank,0,0,Unit Antitank Ground Vehicle,AT,True,0,,"AT BN (POL, Rosomak).magx -> AT BN (POL, Rosomak)",yes
"AT BN (RUS, MT-12, 9P148)","AT BN (RU, MT-12, 9P148).entity",AggregateTacticalLevel,11:1:260:6:12:1:0,3:11:1:260:6:12:1:0,UNIT,RUS,260,RU,BN,BN,AntiTank,1,0,Unit Antitank Ground Vehicle,AT,True,0,,"Anti-tank BN (RU, MT-12, 9P148).magx -> Anti-tank BN (RU, MT-12, 9P148)",yes
"AT BN PA (POL, Rosomak)","AT BN PA (POL, Rosomak).entity",AggregateTacticalLevel,11:1:175:6:12:0:127,3:11:1:175:6:12:0:127,CONTAINER,POL,175,PL,BN,BN,AntiTank,0,127,Echelon Group Antitank Ground Vehicle,AT,True,5,"HQ: Motorized BN HQ (POL, Rosomak); ATGM x2: AT BTY (POL, Rosomak); SPT: Logistics CO (POL); MED: Medical SEC (POL, KTO)","AT BN PA (POL, Rosomak).magx -> AT BN PA (POL, Rosomak)",yes
"AT BN PA (RUS, MT-12, 9P148)","AT BN PA (RUS, MT-12, 9P148).entity",AggregateTacticalLevel,11:1:260:6:12:1:127,3:11:1:260:6:12:1:127,CONTAINER,RUS,260,RU,BN,BN,AntiTank,1,127,Echelon Group Antitank Ground Vehicle,AT,True,4,"HQ: Battalion HQ (RUS, BMP-3); AT: AT BTY (RUS, MT-12); ATGM: ATGM Battery (RUS, 9P148); SPT: Service and Supply PLT (RUS)","AT BN PA  (RU, MT-12, 9P148).magx -> AT BN PA  (RU, MT-12, 9P148)",yes
"AT BTY (POL, Rosomak)","AT BTY (POL, Rosomak).entity",AggregateTacticalLevel,11:1:175:4:12:0:30,3:11:1:175:4:12:0:30,UNIT,POL,175,PL,BTY,BTY,AntiTank,0,30,Unit Antitank Ground Vehicle,AT,True,0,,"AT BTY (POL, Rosomak).magx -> AT BTY (POL, Rosomak)",yes
"AT BTY (RUS, 9P148)","AT BTY (RUS, 9P148).entity",AggregateTacticalLevel,11:1:260:4:12:0:127,3:11:1:260:4:12:0:127,CONTAINER,RUS,260,RU,BTY,BN,AntiTank,0,127,Echelon Group Antitank Ground Vehicle,AT,True,4,"ATGM x3: ATGM PLT (RUS, 9P148); SPT: Service and Supply PLT (RUS)","AT BTY (RUS, 9P148)_0.magx -> AT BTY (RUS, 9P148)_0",yes
"AT BTY (RUS, MT-12)","AT BTY (RUS, MT-12).entity",AggregateTacticalLevel,11:1:260:4:12:0:0,3:11:1:260:4:12:0:0,UNIT,RUS,260,RU,BTY,BTY,AntiTank,0,0,Unit Antitank Ground Vehicle,AT,True,0,,"AT BTY (RUS, MT-12).magx -> AT BTY (RUS, MT-12)",yes
"AT PLT (LTU, Boxer)","AT PLT (LTU, Boxer).entity",AggregateTacticalLevel,11:1:255:3:12:0:18,3:11:1:255:3:12:0:18,UNIT,LTU,255,LT,PLT,PLT,AntiTank,0,18,Unit Antitank Ground Vehicle,AT,True,0,,"AT PLT (LTU, Boxer).magx -> AT PLT (LTU, Boxer)",yes
"AT PLT (POL, Rosomak)","AT PLT (POL, Rosomak).entity",AggregateTacticalLevel,11:1:175:3:12:0:30,3:11:1:175:3:12:0:30,UNIT,POL,175,PL,PLT,PLT,AntiTank,0,30,Unit Antitank Ground Vehicle,AT,True,0,,"AT PLT (POL, Rosomak).magx -> AT PLT (POL, Rosomak)",yes
"ATGM Battery (RUS, 9P148)","ATGM Battery (RUS, 9P148).entity",AggregateTacticalLevel,11:1:260:4:12:0:64,3:11:1:260:4:12:0:64,UNIT,RUS,260,RU,BTY,BTY,AntiTank,0,64,Unit Antitank Ground Vehicle,ATGM,True,0,,"ATGM Battery (RUS, 9P148).magx -> ATGM Battery (RUS, 9P148)",yes
"ATGM PLT (BLR, 9K111)","ATGM PLT (BLR, 9K111).entity",AggregateTacticalLevel,11:1:246:3:12:0:0,3:11:1:246:3:12:0:0,UNIT,BLR,246,RU,PLT,PLT,AntiTank,0,0,Unit Antitank Ground Vehicle,ATGM,True,0,,"ATGM PLT (BLR, 9K111).magx -> ATGM PLT (BLR, 9K111)",yes
"ATGM PLT (LTU, M150 AT)","ATGM PLT (LTU, M150 AT).entity",AggregateTacticalLevel,11:1:255:3:12:0:0,3:11:1:255:3:12:0:0,UNIT,LTU,255,LT,PLT,PLT,AntiTank,0,0,Unit Antitank Ground Vehicle,ATGM,True,0,,"ATGM PLT (LTU, M150 AT).magx -> ATGM PLT (LTU, M150 AT)",yes
"ATGM PLT (RUS, 9P148)","ATGM PLT (RUS, 9P148).entity",AggregateTacticalLevel,11:1:260:3:12:0:64,3:11:1:260:3:12:0:64,UNIT,RUS,260,RU,PLT,PLT,AntiTank,0,64,Unit Antitank Ground Vehicle,ATGM,True,0,,"ATGM PLT (RU, 9P148).magx -> ATGM PLT (RU, 9P148)",yes
"ATK Helo PLT PA (USA, AH-1)","ATK Helo PLT PA (USA, AH-1).entity",AggregateTacticalLevel,11:2:225:35:20:1:75,3:11:2:225:35:20:1:75,CONTAINER,USA,225,US,cat35,PLT,CommandPost,1,75,Echelon Group Aircraft Rotary Wing,AH-1,True,2,"- x2: ATK Helo SEC (USA, AH-1)",Air Attack PLT AH-1_0.magx -> Air Attack PLT AH-1_0,yes
"ATK Helo SEC (USA, AH-1)","ATK Helo SEC (USA, AH-1).entity",AggregateTacticalLevel,11:2:225:19:15:0:75,3:11:2:225:19:15:0:75,AIR-UNIT,USA,225,US,cat19,SEC,ArmyAttackHelicopter,0,75,Unit Aircraft Rotary Wing,ATK,True,0,,Air Attack PLT AH-1.magx -> Air Attack PLT AH-1,yes
"Attack Helo SQN (RUS, MI-28)","ATK Helo SQN (RUS, MI-28).entity",AggregateTacticalLevel,11:2:260:4:20:1:0,3:11:2:260:4:20:1:0,CONTAINER,RUS,260,RU,BTY,SQN,CommandPost,1,0,Echelon Group,ATK,True,3,"ATK x3: ATK Helo TRP (RUS, MI-28)","ATK Helo SQN (RUS, MI-28).magx -> ATK Helo SQN (RUS, MI-28)",yes
"Attack Helo TRP (RUS, MI-28)","ATK Helo TRP (RUS, MI-28).entity",AggregateTacticalLevel,11:2:260:3:20:0:0,3:11:2:260:3:20:0:0,AIR-UNIT,RUS,260,RU,PLT,TRP,CommandPost,0,0,Unit Aircraft Rotary Wing,ATK,True,0,,"ATK Helo TRP (RUS, MI-28).magx -> ATK Helo TRP (RUS, MI-28)",yes
"Air Assault SQN (RUS, Mi-8)","Air Assault SQN (RUS, Mi-8).entity",AggregateTacticalLevel,11:2:260:4:21:1:0,3:11:2:260:4:21:1:0,CONTAINER,RUS,260,RU,BTY,SQN,CEWI,1,0,Echelon Group,ASLT,True,3,"ASLT x3: Air Assault TRP (RUS, Mi-8)","Air Assault SQN (RUS, Mi-8).magx -> Air Assault SQN (RUS, Mi-8)",yes
"Air Assault TRP (RUS, Mi-8)","Air Assault TRP (RUS, Mi-8).entity",AggregateTacticalLevel,11:2:260:3:21:0:0,3:11:2:260:3:21:0:0,AIR-UNIT,RUS,260,RU,PLT,TRP,CEWI,0,0,Unit Aircraft Rotary Wing,ASLT,True,0,,,yes
"Air Cavalry TRP (RUS, Mi-8)","Air Cavalry TRP (RUS, Mi-8).entity",AggregateTacticalLevel,11:2:260:3:7:0:0,3:11:2:260:3:7:0:0,AIR-UNIT,RUS,260,RU,PLT,TRP,Artillery,0,0,Unit Aircraft Rotary Wing,CAV,True,0,,"Air Cavalry TRP (RUS, Mi-8)_0.magx -> Air Cavalry TRP (RUS, Mi-8)_0",yes
"Air Cavalry TRP PA (RUS, Mi-8R)","Air Cavalry TRP PA (RUS, Mi-8R).entity",AggregateTacticalLevel,11:2:260:3:7:1:0,3:11:2:260:3:7:1:0,CONTAINER,RUS,260,RU,PLT,TRP,Artillery,1,0,Echelon Group,CAV,True,4,ASLT x4: Mi-8R 2-Ship,"Air Cavalry TRP PA (RUS, Mi-8R).magx -> Air Cavalry TRP PA (RUS, Mi-8R)",yes
"Airmobile BN (RUS, BMD-4M)","Airmobile BN (RUS, BMD-4M).entity",AggregateTacticalLevel,11:1:260:6:4:1:11,3:11:1:260:6:4:1:11,UNIT,RUS,260,RU,BN,BN,MechanizedInfantry,1,11,Unit Ground Vehicle Mechanized,ABN,True,0,,"Airmobile BN (RU, BMD-4M).magx -> Airmobile BN (RU, BMD-4M)",yes
"Airmobile BN HQ (RUS, BMD-4M)","Airmobile BN HQ (RUS, BMD-4M).entity",AggregateTacticalLevel,11:1:260:3:4:1:111,3:11:1:260:3:4:1:111,UNIT,RUS,260,RU,PLT,PLT,MechanizedInfantry,1,111,Unit Ground Vehicle Mechanized,BN HQ,True,0,,"Airmobile BN HQ (RU, BMD-4M).magx -> Airmobile BN HQ (RU, BMD-4M)",yes
"Airmobile BN PA (RUS, BMD-4M)","Airmobile BN PA (RUS, BMD-4M).entity",AggregateTacticalLevel,11:1:260:6:4:1:111,3:11:1:260:6:4:1:111,CONTAINER,RUS,260,RU,BN,BN,MechanizedInfantry,1,111,Echelon Group Mechanized Ground Vehicle,ABN,True,13,"HQ: Airmobile BN HQ (RUS, BMD-4M); IFV x3: Airmobile Vehicle CO (RUS, BMD-4M); INF x3: Airmobile Rifle CO (RUS); AT: SP AT CO (RUS, 2S25); ENG: Airmobile Engineer PLT (RUS, UR-77); FIRES: SP Mortar BTY (RUS, 2S42); RECON: Recon PLT (RUS, BMD-4M); SPT: Airmobile Supply and Service PLT (RUS, BTR-MDM); MED: Airmobile Medical PLT (RUS, BTR-MDM)","Airmobile BN PA (RU, BMD-4M).magx -> Airmobile BN PA (RU, BMD-4M)",yes
"Airmobile Company (RUS, BMD-4M)","Airmobile Company (RUS, BMD-4M).entity",AggregateTacticalLevel,11:1:260:5:4:0:11,3:11:1:260:5:4:0:11,UNIT,RUS,260,RU,CO,CO,MechanizedInfantry,0,11,Unit Ground Vehicle Mechanized,ABN,True,0,,"Airmobile Company (RU, BMD-4M).magx -> Airmobile Company (RU, BMD-4M)",yes
"Airmobile Company PA (RUS, BMD-4M)","Airmobile Company PA (RUS, BMD-4M).entity",AggregateTacticalLevel,11:1:260:5:4:0:127,3:11:1:260:5:4:0:127,CONTAINER,RUS,260,RU,CO,CO,MechanizedInfantry,0,127,Echelon Group Mechanized Ground Vehicle,ABN,True,3,"HQ: Airmobile HQ Section (RUS, BMD-4M); IFV: Airmobile Vehicle CO (RUS, BMD-4M); INF: Airmobile Rifle CO (RUS)","Airmobile Company PA (RU, BMD-4M).magx -> Airmobile Company PA (RU, BMD-4M)",yes
"Airmobile Engineer PLT (RUS, UR-77)","Airmobile Engineer PLT (RUS, UR-77).entity",AggregateTacticalLevel,11:1:260:3:10:0:11,3:11:1:260:3:10:0:11,UNIT,RUS,260,RU,PLT,PLT,Engineer,0,11,Unit Ground Vehicle Engineering,ENG,True,0,,"Airmobile Engineer PLT (RU, UR-77).magx -> Airmobile Engineer PLT (RU, UR-77)",yes
"Airmobile HQ Section (RUS, BMD-4M)","Airmobile HQ Section (RUS, BMD-4M).entity",AggregateTacticalLevel,11:1:260:14:4:0:11,3:11:1:260:14:4:0:11,UNIT,RUS,260,RU,SEC,SEC,MechanizedInfantry,0,11,Unit Ground Vehicle Mechanized,ABN HQ,True,0,,"Airmobile HQ Section (RU, BMD-4M).magx -> Airmobile HQ Section (RU, BMD-4M)",yes
"Airmobile Medical PLT (RUS, BTR-MDM)","Airmobile Medical PLT (RUS, BTR-MDM).entity",AggregateTacticalLevel,11:1:260:3:31:0:12,3:11:1:260:3:31:0:12,UNIT,RUS,260,RU,PLT,PLT,(ext 31),0,12,Unit Ground Vehicle Medical,MEDICAL,True,0,,"Airmobile Medical PLT (RU, BTR-MDM).magx -> Airmobile Medical PLT (RU, BTR-MDM)",yes
Airmobile Rifle CO (RUS),Airmobile Rifle CO (RUS).entity,AggregateTacticalLevel,11:1:260:5:3:0:11,3:11:1:260:5:3:0:11,UNIT,RUS,260,RU,CO,CO,Infantry,0,11,Unit Infantry,ABN,True,0,,Airmobile Rifle CO (RU).magx -> Airmobile Rifle CO (RU),yes
"Airmobile Supply and Service PLT (RUS, BTR-MDM)","Airmobile Supply and Service PLT (RUS, BTR-MDM).entity",AggregateTacticalLevel,11:1:260:3:31:0:11,3:11:1:260:3:31:0:11,UNIT,RUS,260,RU,PLT,PLT,(ext 31),0,11,Unit Ground Vehicle Logistics,SPT,True,0,,"Airmobile Supply and Service PLT (RU, BTR-MDM).magx -> Airmobile Supply and Service PLT (RU, BTR-MDM)",yes
"Airmobile Vehicle CO (RUS, BMD-4M)","Airmobile Vehicle CO (RUS, BMD-4M).entity",AggregateTacticalLevel,11:1:260:5:4:0:12,3:11:1:260:5:4:0:12,UNIT,RUS,260,RU,CO,CO,MechanizedInfantry,0,12,Unit Ground Vehicle Mechanized,ABN,True,0,,"Airmobile Vehicle CO (RU, BMD-4M).magx -> Airmobile Vehicle CO (RU, BMD-4M)",yes
Amphibious Task Force PA (USA),Amphibious Task Force PA (USA).entity,AggregateTacticalLevel,11:3:225:8:0:0:0,3:11:3:225:8:0:0:0,CONTAINER,USA,225,US,BDE,,Other,0,0,Echelon Group Naval,ATF,True,4,-: Ship_LHD_Wasp; -: Ship_US DDG_Arleigh Burke; -: LPD; -: LCU Flotilla PA (USA),Amphibious Task Force.magx -> Amphibious Task Force,yes
Armor CAB Group (USA),Armor CAB Group (USA).entity,AggregateTacticalLevel,11:1:225:6:2:1:0,3:11:1:225:6:2:1:0,CONTAINER,USA,225,US,BN,BN,Armor,1,0,Echelon Group Ground Vehicle Tank,Armor,True,4,"HQ: HHC PA (USA, CAB); TANK x2: Tank CO (USA, M1A2); MECH: Mech CO (USA, M2)",Armor CAB Group (USA).magx -> Armor CAB Group (USA),yes
"Armored Cavalry SQDN (GBR, Challenger, Warrior)","Armored Cavalry SQDN (GBR, Challenger, Warrior).entity",AggregateTacticalLevel,11:1:224:6:6:1:4,3:11:1:224:6:6:1:4,UNIT,GBR,224,GB,BN,SQDN,ArmoredCavalry,1,4,Unit Ground Vehicle Cavalry,CAV,True,0,,"Armored Cavalry SQDN (GBR, Challenger, Warrior).magx -> Armored Cavalry SQDN (GBR, Challenger, Warrior)",yes
"Armored Cavalry SQDN PA (GBR, Challenger, Warrior)","Armored Cavalry SQDN PA (GBR, Challenger, Warrior).entity",AggregateTacticalLevel,11:1:224:6:6:1:127,3:11:1:224:6:6:1:127,CONTAINER,GBR,224,GB,BN,SQDN,ArmoredCavalry,1,127,Echelon Group Mechanized Tank Cavalry,CAV,True,5,"HQ: CAV HHT (GBR); TANK: Tank TRP (GBR, Challenger); MECH x2: Mech TRP (GBR, Warrior); SPT: CSS CO (USA)","Armored Cavalry SQDN PA (GBR, Challenger, Warrior).magx -> Armored Cavalry SQDN PA (GBR, Challenger, Warrior)",yes
"Artillery BDE PA (POL, K9, WR-40)","Artillery BDE PA (POL, K9, WR-40).entity",AggregateTacticalLevel,11:1:175:8:8:1:127,3:11:1:175:8:8:1:127,CONTAINER,POL,175,PL,BDE,BDE,SelfPropelledArtillery,1,127,Echelon Group Artillery Ground Vehicle,FA,True,7,"HQ: SP ARTY HQ BTY (POL); FIRES x2: SP Artillery BN (POL, K9); MRL: MRL Battalion (POL,  WR-40); MRL: MRL Battalion (POL, HIMARS); ENG: Construction CO (POL); SPT: Logistics BN (POL)","Artillery BDE PA (POL, K9, WR-40).magx -> Artillery BDE PA (POL, K9, WR-40)",yes
BDE Airborne PA,BDE Airborne PA.entity,AggregateTacticalLevel,11:1:-1:8:4:1:111,3:11:1:-1:8:4:1:111,CONTAINER,ANY,-1,,BDE,BDE,MechanizedInfantry,1,111,Echelon Group,ABN,False,0,,,yes
BDE Reconnaissance PA,BDE Reconnaissance PA.entity,AggregateTacticalLevel,11:1:-1:8:30:1:-1,3:11:1:-1:8:30:1:-1,CONTAINER,ANY,-1,,BDE,BDE,(ext 30),1,-1,Echelon Group,RECON,False,0,,,yes
"BDE, Air Assault PA","BDE, Air Assault PA.entity",AggregateTacticalLevel,11:1:-1:8:4:1:211,3:11:1:-1:8:4:1:211,CONTAINER,ANY,-1,,BDE,BDE,MechanizedInfantry,1,211,Echelon Group,Air Assault,False,0,,"BDE, Air Assault PA.magx -> BDE, Air Assault PA",yes
BN Reconnaissance PA,BN Reconnaissance PA.entity,AggregateTacticalLevel,11:1:-1:6:30:1:-1,3:11:1:-1:6:30:1:-1,CONTAINER,ANY,-1,,BN,BN,(ext 30),1,-1,Echelon Group,RECON,False,0,,,yes
"BN, GCE PA (USA, USMC)","BN, GCE PA (USA, USMC).entity",AggregateTacticalLevel,11:1:225:6:4:1:75,3:11:1:225:6:4:1:75,CONTAINER,USA,225,US,BN,BN,MechanizedInfantry,1,75,Echelon Group Land,GCE,True,5,"MECH: Mech CO PA (USA, ACV); RECON: Recon CO PA (USA, USMC); INF x2: Rifle CO PA (USA, USMC); FIRES: FA BTY PA (USA, 155mm)","BN, GCE USMC.magx -> BN, GCE USMC",yes
"BN, Armor",BN_Armor.entity,AggregateTacticalLevel,11:1:-1:6:2:1:-1,3:11:1:-1:6:2:1:-1,CONTAINER,ANY,-1,,BN,BN,Armor,1,-1,Echelon Group,Armor,False,0,,,yes
"Battalion HQ (RUS, BMP-3)","Battalion HQ (RUS, BMP-3).entity",AggregateTacticalLevel,11:1:260:3:4:1:126,3:11:1:260:3:4:1:126,UNIT,RUS,260,RU,PLT,PLT,MechanizedInfantry,1,126,Unit Mechanized Ground Vehicle,HQ,True,0,,"Battalion HQ (RU,BMP-3).magx -> Battalion HQ (RU,BMP-3)",yes
"Battalion Tactical Group (BLR, Mech)","Battalion Tactical Group (BLR, Mech).entity",AggregateTacticalLevel,11:1:246:6:19:1:0,3:11:1:246:6:19:1:0,UNIT,BLR,246,BY,BN,,MechanizedHeavyTaskForce,1,0,Unit Mechanized Ground Vehicle,MECH BTG,True,0,,"Battalion Tactical Group (BLR, Mech).magx -> Battalion Tactical Group (BLR, Mech)",yes
"Battalion Tactical Group (BLR, Tank)","Battalion Tactical Group (BLR, Tank).entity",AggregateTacticalLevel,11:1:246:6:17:1:0,3:11:1:246:6:17:1:0,UNIT,BLR,246,BY,BN,,ArmorHeavyTaskForce,1,0,Unit Ground Vehicle Tank,TANK BTG,True,0,,"Battalion Tactical Group (BLR, Tank).magx -> Battalion Tactical Group (BLR, Tank)",yes
"Battalion Tactical Group (RUS, Mech)","Battalion Tactical Group (RUS, Mech).entity",AggregateTacticalLevel,11:1:260:6:4:1:64,3:11:1:260:6:4:1:64,UNIT,RUS,260,RU,BN,,MechanizedInfantry,1,64,Unit Mechanized Ground Vehicle,MECH BTG,True,0,,"Battalion Tactical Group (RUS, Mech).magx -> Battalion Tactical Group (RUS, Mech)",yes
"Battalion Tactical Group (RUS, T-90)","Battalion Tactical Group (RUS, T-90).entity",AggregateTacticalLevel,11:1:260:6:2:1:64,3:11:1:260:6:2:1:64,UNIT,RUS,260,RU,BN,,Armor,1,64,Unit Ground Vehicle Tank,TANK BTG,True,0,,"Battalion Tactical Group (RU, T-90).magx -> Battalion Tactical Group (RU, T-90)",yes
"Battalion Tactical Group PA (BLR, Mech)","Battalion Tactical Group PA (BLR, Mech).entity",AggregateTacticalLevel,11:1:246:6:19:1:127,3:11:1:246:6:19:1:127,CONTAINER,BLR,246,BY,BN,,MechanizedHeavyTaskForce,1,127,Echelon Group Mechanized Ground Vehicle,MECH BTG,True,15,"HQ: Mech BN HQ (BLR, BMP-2); MECH x2: Mech CO (BLR, BMP-2); TANK: Tank CO (BLR, T-72); MORT: Mortar BTY (BLR, 2S12); SAM: SAM PLT (BLR, BMP, 9K38 SA-18); RECON: Recon PLT (BLR, BMP); AGL: AGL PLT (BLR, BMP, AGS-17); ATGM: ATGM PLT (BLR, 9K111); RECON: RISTA SEC (RUS, Orlan-10); ENG: Mineclearing PLT (RUS); SIG: Radio PLT (RUS); MED: Medical PLT (RUS); MAINT: Maintenance PLT (RUS); SPT: Service and Supply PLT (RUS)",,yes
"Battalion Tactical Group PA (BLR, Tank)","Battalion Tactical Group PA (BLR, Tank).entity",AggregateTacticalLevel,11:1:246:6:17:1:127,3:11:1:246:6:17:1:127,CONTAINER,BLR,246,BY,BN,,ArmorHeavyTaskForce,1,127,Echelon Group Tank Ground Vehicle,TANK BTG,True,7,"HQ: Tank HQ PLT (BLR, T-72); TANK x2: Tank CO (BLR, T-72); MECH: Mech CO (BLR, BMP-2); SIG: Radio PLT (RUS); MED: Medical PLT (RUS); SPT: Service and Supply PLT (RUS)","Battalion Tactical Group PA (BLR, Tank).magx -> Battalion Tactical Group PA (BLR, Tank)",yes
"Battalion Tactical Group PA (RUS, Mech)","Battalion Tactical Group PA (RUS, Mech).entity",AggregateTacticalLevel,11:1:260:6:4:0:127,3:11:1:260:6:4:0:127,CONTAINER,RUS,260,RU,BN,,MechanizedInfantry,0,127,Echelon Group Mechanized Ground Vehicle,MECH BTG,True,16,"HQ: Battalion HQ (RUS, BMP-3); MECH x2: Mech CTG (RUS, BMP-3); TANK: Tank CO (RUS, T-90); FIRES: SP Howitzer BTY (RUS, 122mm); MORT: Mortar BTY (RUS, 2S31); SAM: SAM PLT (RUS, BMP, 9K333 SA-29); RECON: Recon PLT (RUS, BMP-3); AGL: AGL PLT (RUS, BMP-3, AGS-17); ATGM: ATGM PLT (RUS, 9P148); ENG: Mineclearing PLT (RUS); RECON: RISTA SEC (RUS, Orlan-10); SIG: Radio PLT (RUS); MED: Medical PLT (RUS); MAINT: Maintenance PLT (RUS); SPT: Service and Supply PLT (RUS)","Battalion Tactical Group PA (RU, Mech).magx -> Battalion Tactical Group PA (RU, Mech)",yes
"Battalion Tactical Group PA (RUS, T-90)","Battalion Tactical Group PA (RUS, T-90).entity",AggregateTacticalLevel,11:1:260:6:2:1:127,3:11:1:260:6:2:1:127,CONTAINER,RUS,260,RU,BN,,Armor,1,127,Echelon Group Tank Ground Vehicle,TANK BTG,True,7,"HQ: Tank HQ PLT (RUS, T-90); MECH: Mech CTG (RUS, BMP-3); TANK x2: Tank CO (RUS, T-90); SIG: Radio PLT (RUS); MED: Medical PLT (RUS); SPT: Service and Supply PLT (RUS)","Battalion Tactical Group PA (RU, T-90).magx -> Battalion Tactical Group PA (RU, T-90)",yes
Beriev A-50 AEW,Beriev A-50 AEW.entity,AggregateTacticalLevel,11:2:260:9:8:8:1,3:11:2:260:9:8:8:1,AIR-UNIT,RUS,260,RU,DIV,,SelfPropelledArtillery,8,1,Aircraft Fixed Wing Reconnaissance Unit,A-50,True,0,,Beriev A-50 AEW.magx -> Beriev A-50 AEW,yes
Bridging CO (POL),Bridging CO (POL).entity,AggregateTacticalLevel,11:1:175:5:10:0:2,3:11:1:175:5:10:0:2,UNIT,POL,175,PL,CO,CO,Engineer,0,2,Unit Engineering Ground Vehicle,ENG,True,0,,Bridging Vehicle CO (POL).magx -> Bridging Vehicle CO (POL),yes
CAV HHT (GBR),CAV HHT (GBR).entity,AggregateTacticalLevel,11:1:224:5:5:1:4,3:11:1:224:5:5:1:4,UNIT,GBR,224,GB,CO,HHT,Cavalry,1,4,Unit Cavalry Ground Vehicle,CAV,True,0,,CAV HHT (GBR).magx -> CAV HHT (GBR),yes
CSS CO (USA),CSS CO (USA).entity,AggregateTacticalLevel,11:1:225:5:31:1:1,3:11:1:225:5:31:1:1,UNIT,USA,225,,CO,CO,(ext 31),1,1,Unit Ground Vehicle Logistics,CSS,True,0,,,yes
CSS PLT (USA),CSS PLT (USA).entity,AggregateTacticalLevel,11:1:225:3:31:0:0,3:11:1:225:3:31:0:0,UNIT,USA,225,,PLT,PLT,(ext 31),0,0,Unit Ground Vehicle Supply,SPT,True,0,,,yes
Chemical Defense CO (RUS),Chemical Defense CO (RUS).entity,AggregateTacticalLevel,11:1:260:5:31:0:199,3:11:1:260:5:31:0:199,UNIT,RUS,260,RU,CO,CO,(ext 31),0,199,Unit Decon Ground Vehicle,CBRN,True,0,,Chemical Defense CO (RUS).magx -> Chemical Defense CO (RUS),yes
Chemical Defense PLT (DEU),Chemical Defense PLT (DEU).entity,AggregateTacticalLevel,11:1:78:3:31:0:99,3:11:1:78:3:31:0:99,UNIT,DEU,78,DE,PLT,PLT,(ext 31),0,99,Unit Decon Ground Vehicle,CBRN,True,0,,Chemical Defense PLT (DEU).magx -> Chemical Defense PLT (DEU),yes
Chemical Defense Platoon (RUS),Chemical Defense Platoon (RUS).entity,AggregateTacticalLevel,11:1:260:3:31:0:199,3:11:1:260:3:31:0:199,UNIT,RUS,260,RU,PLT,PLT,(ext 31),0,199,Unit Decon Ground Vehicle,CBRN,True,0,,Chemical Defense Platoon (RUS).magx -> Chemical Defense Platoon (RUS),yes
Construction CO (POL),Construction CO (POL).entity,AggregateTacticalLevel,11:1:175:5:10:0:3,3:11:1:175:5:10:0:3,UNIT,POL,175,PL,CO,CO,Engineer,0,3,Unit Engineering Ground Vehicle,ENG,True,0,,Construction Vehicle CO (POL).magx -> Construction Vehicle CO (POL),yes
E-2D,E-2D Hawkeye.entity,AggregateTacticalLevel,11:2:225:9:8:1:3,3:11:2:225:9:8:1:3,AIR-UNIT,USA,225,,DIV,,SelfPropelledArtillery,1,3,Unit Aircraft Fixed Wing,E-2D,True,0,,,yes
E-3,E-3 Sentry.entity,AggregateTacticalLevel,11:2:225:9:8:4:0,3:11:2:225:9:8:4:0,AIR-UNIT,USA,225,,DIV,AC,SelfPropelledArtillery,4,0,Unit Aircraft Fixed Wing,E-3,True,0,,,yes
EA-18G,EA-18G.entity,AggregateTacticalLevel,11:2:225:9:6:10:0,3:11:2:225:9:6:10:0,AIR-UNIT,USA,225,US,DIV,AC,ArmoredCavalry,10,0,Unit Aircraft Fixed Wing,EA-18G,True,0,,,yes
EFP BG PA (LTU),EFP BG PA (LTU).entity,AggregateTacticalLevel,11:1:255:6:2:1:131,3:11:1:255:6:2:1:131,CONTAINER,LTU,255,HR FR DE LT NL,BN,BG,Armor,1,131,Echelon Group Mechanized Tank Ground Vehicle,eFP,True,9,"HQ: Tank BN HQ (DEU, Leopard); TANK: Tank CO (DEU, Leopard); MECH: Mech CO (FRA, VBCI); MECH: Mech CO (HRV, Patria); MECH: Mech CO (NLD, CV90); MORT: Mortar PLT (LTU, Boxer); FIRES: SP Artillery BTY (LTU, DANA); CBRN: Chemical Defense PLT (DEU); SPT: Logistics CO (LTU, Boxer)",EFP BG PA (LTU).magx -> EFP BG PA (LTU),yes
EFP BG PA (POL),EFP BG PA (POL).entity,AggregateTacticalLevel,11:1:175:8:4:0:131,3:11:1:175:8:4:0:131,CONTAINER,POL,175,PL US GB,BDE,BG,MechanizedInfantry,0,131,Echelon Group Mechanized Tank Cavalry,eFP,True,5,"HQ: Mech BN HQ (POL, Borsuk); TANK: Armored Cavalry SQDN PA (GBR, Challenger, Warrior); MRL: MRL Battery (HRV,  M-92); SAM: ADA BTY (ROU, 9K33 SA-8); SPT: Logistics CO (POL)",EFP BG PA (POL).magx -> EFP BG PA (POL),yes
"Electronic Warfare CO (RUS, MT-LBu)","Electronic Warfare CO (RUS, MT-LBu).entity",AggregateTacticalLevel,11:1:260:5:21:0:55,3:11:1:260:5:21:0:55,UNIT,RUS,260,RU,CO,CO,CEWI,0,55,Unit EW Ground Vehicle,EW,True,0,,"Electronic Warfare CO (RU, MT-LBu).magx -> Electronic Warfare CO (RU, MT-LBu)",yes
"Engineer BDE HQ (RU, BMP-3)","Engineer BDE HQ (RU, BMP-3).entity",AggregateTacticalLevel,11:1:260:5:7:1:0,3:11:1:260:5:7:1:0,UNIT,RUS,260,RU,CO,,Artillery,1,0,Unit Mechanized Ground Vehicle,HQ,True,0,,"Engineer BDE HQ (RU, BMP-3).magx -> Engineer BDE HQ (RU, BMP-3)",yes
"Engineer BN (RUS, Mech)","Engineer BN (RUS, Mech).entity",AggregateTacticalLevel,11:1:260:6:10:1:0,3:11:1:260:6:10:1:0,UNIT,RUS,260,RU,BN,BN,Engineer,1,0,Unit Engineering Ground Vehicle,ENG,True,0,,"Engineer BN (RUS, Mech).magx -> Engineer BN (RUS, Mech)",yes
"Engineer Company (RUS, Mech)","Engineer Company (RUS, Mech).entity",AggregateTacticalLevel,11:1:260:5:10:0:0,3:11:1:260:5:10:0:0,UNIT,RUS,260,RU,CO,CO,Engineer,0,0,Unit Engineering Ground Vehicle,ENG,True,0,,"Engineer Company (RU, Mech).magx -> Engineer Company (RU, Mech)",yes
Engineering BN (POL),Engineering BN (POL).entity,AggregateTacticalLevel,11:1:175:6:10:1:0,3:11:1:175:6:10:1:0,UNIT,POL,175,PL,BN,BN,Engineer,1,0,Unit Engineering Ground Vehicle,ENG,True,0,,Engineering BN (POL).magx -> Engineering BN (POL),yes
Engineering BN PA (POL),Engineering BN PA (POL).entity,AggregateTacticalLevel,11:1:175:6:10:1:127,3:11:1:175:6:10:1:127,CONTAINER,POL,175,PL,BN,BN,Engineer,1,127,Echelon Group Engineering Ground Vehicle,ENG,True,3,ENG: Mine Warfare CO (POL); ENG: Bridging CO (POL); ENG: Construction CO (POL),Engineering BN PA (POL).magx -> Engineering BN PA (POL),yes
F-16C 2-Ship,F-16C 2-Ship.entity,AggregateTacticalLevel,11:2:225:19:1:3:3,3:11:2:225:19:1:3:3,AIR-UNIT,USA,225,,cat19,,CavalryTroop,3,3,Unit Aircraft Fixed Wing,F-16C Flt,True,0,,,yes
F-16C 4-Ship,F-16C 4-Ship.entity,AggregateTacticalLevel,11:2:225:35:1:3:3,3:11:2:225:35:1:3:3,AIR-UNIT,USA,225,,cat35,,CavalryTroop,3,3,Unit Aircraft Fixed Wing,F-16C Flt,True,0,,,yes
F-16C,F-16C.entity,AggregateTacticalLevel,11:2:225:9:1:3:3,3:11:2:225:9:1:3:3,AIR-UNIT,USA,225,,DIV,,CavalryTroop,3,3,Unit Aircraft Fixed Wing,F-16C,True,0,,,yes
F-35 Sqdrn,F-35 Sqdrn.entity,AggregateTacticalLevel,11:2:225:4:2:1:13,3:11:2:225:4:2:1:13,AIR-UNIT,USA,225,US,BTY,,Armor,1,13,Unit Aircraft Fixed Wing,F-35 SQN,True,0,,F-35 Sqdrn.magx -> F-35 Sqdrn,yes
F-35,F-35.entity,AggregateTacticalLevel,11:2:225:9:2:9:36,3:11:2:225:9:2:9:36,AIR-UNIT,USA,225,,DIV,,Armor,9,36,Unit Aircraft Fixed Wing,F-35,True,0,,F-35.magx -> F-35,yes
F-35x2,F-35x2.entity,AggregateTacticalLevel,11:2:225:19:2:9:35,3:11:2:225:19:2:9:35,AIR-UNIT,USA,225,,cat19,FLT (x2),Armor,9,35,Unit Aircraft Fixed Wing,F-35,True,0,,F-35x2.magx -> F-35x2,yes
"FA BN (LTU, 105mm)","FA BN (LTU, 105mm).entity",AggregateTacticalLevel,11:1:255:6:7:1:105,3:11:1:255:6:7:1:105,UNIT,LTU,255,LT,BN,BTY,Artillery,1,105,Unit Artillery Ground Vehicle,FA,True,0,,"FA BN (LTU, 105mm).magx -> FA BN (LTU, 105mm)",yes
"FA BN PA (LTU, 105mm)","FA BN PA (LTU, 105mm).entity",AggregateTacticalLevel,11:1:255:6:7:0:127,3:11:1:255:6:7:0:127,CONTAINER,LTU,255,LT,BN,BN,Artillery,0,127,Echelon Group Artillery Ground Vehicle,FA,True,3,"FIRES x3: FA BTY (LTU, 105mm)","FA BN PA (LTU, 105mm).magx -> FA BN PA (LTU, 105mm)",yes
"FA BTY (LTU, 105mm)","FA BTY (LTU, 105mm).entity",AggregateTacticalLevel,11:1:255:4:7:0:105,3:11:1:255:4:7:0:105,UNIT,LTU,255,LT,BTY,BTY,Artillery,0,105,Unit Artillery Ground Vehicle,FA,True,0,,"FA BTY (LTU, 105mm).magx -> FA BTY (LTU, 105mm)",yes
"FA BTY PA (USA, 155mm)","FA BTY PA (USA, 155mm).entity",AggregateTacticalLevel,11:1:225:4:7:0:128,3:11:1:225:4:7:0:128,CONTAINER,USA,225,US,BTY,BTY,Artillery,0,128,Artillery Echelon Group Fire Support Land,FA,True,3,"- x3: FA PLT (USA, 155mm)","BTY, FA US PA.magx -> BTY, FA US PA",yes
"FA PLT (USA, 155mm)","FA PLT (USA, 155mm).entity",AggregateTacticalLevel,11:1:225:3:7:0:128,3:11:1:225:3:7:0:128,UNIT,USA,225,US,PLT,PLT,Artillery,0,128,Unit Artillery Land,FA,True,0,,"PLT, FA 155MM US.magx -> PLT, FA 155MM US",yes
F/A-18 2-Ship,F_A-18 2-Ship.entity,AggregateTacticalLevel,11:2:225:19:1:9:10,3:11:2:225:19:1:9:10,AIR-UNIT,USA,225,,cat19,,CavalryTroop,9,10,Unit Aircraft Fixed Wing,F/A-18 Flt,True,0,,,yes
F/A-18 4-Ship,F_A-18 4-Ship.entity,AggregateTacticalLevel,11:2:225:35:1:9:10,3:11:2:225:35:1:9:10,AIR-UNIT,USA,225,,cat35,,CavalryTroop,9,10,Unit Aircraft Fixed Wing,F/A-18 Flt,True,0,,,yes
F/A-18,F_A-18.entity,AggregateTacticalLevel,11:2:225:9:1:9:10,3:11:2:225:9:1:9:10,AIR-UNIT,USA,225,,DIV,AC,CavalryTroop,9,10,Unit Aircraft Fixed Wing,F/A-18,True,0,,,yes
"HHC PA (USA, CAB)","HHC PA (USA, CAB).entity",AggregateTacticalLevel,11:1:225:5:2:1:127,3:11:1:225:5:2:1:127,CONTAINER,USA,225,US,CO,CO,Armor,1,127,Command and Control Echelon Group Tank,TANK,True,5,"HQ: Tank HQ SEC (USA, M1A2); RECON: Scout PLT (US, M3); MORT: Mortar PLT (USA, M1064); MED: Medical PLT (USA, M113); SPT: CSS PLT (USA)","HHC PA (USA, CAB).magx -> HHC PA (USA, CAB)",yes
Helicopter Regiment (RUS),Helicopter Regiment (RUS).entity,AggregateTacticalLevel,11:1:260:7:14:1:0,3:11:1:260:7:14:1:0,CONTAINER,RUS,260,RU,RGT,RGT,ArmyAviationRotaryWing,1,0,Echelon Group,AVN,True,3,"ATK: ATK Helo SQN (RUS, MI-28); RECON: RISTA SQN (RUS, Mi-8, Orlan-10); ASLT: Air Assault SQN (RUS, Mi-8)",Helicopter Regiment (RUS).magx -> Helicopter Regiment (RUS),yes
"Howitzer BN (BLR, 2A65)","Howitzer BN (BLR, 2A65).entity",AggregateTacticalLevel,11:1:246:6:7:0:152,3:11:1:246:6:7:0:152,UNIT,BLR,246,BY,BN,BN,Artillery,0,152,Unit Artillery,FA,True,0,,"Howitzer BN (BLR, 2A65).magx -> Howitzer BN (BLR, 2A65)",yes
"Howitzer BTY (BLR, 2A65)","Howitzer BTY (BLR, 2A65).entity",AggregateTacticalLevel,11:1:246:4:7:0:152,3:11:1:246:4:7:0:152,UNIT,BLR,246,BY,BTY,BTY,Artillery,0,152,Unit Artillery,FA,True,0,,"Howitzer BTY (BLR, 2A65).magx -> Howitzer BTY (BLR, 2A65)",yes
J-16 2-Ship,J-16 2-Ship.entity,AggregateTacticalLevel,11:2:45:19:2:1:6,3:11:2:45:19:2:1:6,AIR-UNIT,CHN,45,CH,cat19,,Armor,1,6,Unit Aircraft Fixed Wing,J-16 Flt,True,0,,J-16 2-Ship.magx -> J-16 2-Ship,yes
J-16,J-16.entity,AggregateTacticalLevel,11:2:45:9:2:1:6,3:11:2:45:9:2:1:6,AIR-UNIT,CHN,45,CH,DIV,,Armor,1,6,Unit Aircraft Fixed Wing,J-16,True,0,,J-16.magx -> J-16,yes
Jamming PLT (RUS),Jamming PLT (RUS).entity,AggregateTacticalLevel,11:1:260:3:21:0:0,3:11:1:260:3:21:0:0,UNIT,RUS,260,RU,PLT,PLT,CEWI,0,0,Unit EW Ground Vehicle,EW,True,0,,Jamming PLT (RUS).magx -> Jamming PLT (RUS),yes
LCU Flotilla PA (USA),LCU Flotilla PA (USA).entity,AggregateTacticalLevel,11:3:225:3:11:2:75,3:11:3:225:3:11:2:75,CONTAINER,USA,225,US,PLT,,AirDefenseArtillery,2,75,Echelon Group Naval,LCU Flotilla,True,4,- x4: LCU,LCU Flotilla.magx -> LCU Flotilla,yes
Landing Craft Utility,LCU.entity,AggregateTacticalLevel,11:3:225:1:11:0:0,3:11:3:225:1:11:0:0,UNIT,USA,225,US,VEH,,AirDefenseArtillery,0,0,Naval,LCU,True,0,,LCU.magx -> LCU,yes
LPD,LPD.entity,AggregateTacticalLevel,11:3:225:1:56:2:0,3:11:3:225:1:56:2:0,UNIT,USA,225,US,VEH,,(ext 56),2,0,Naval Watercraft,LPD,True,0,,LPD.magx -> LPD,yes
"LR Recon BN (POL, LPU)","LR Recon BN (POL, LPU).entity",AggregateTacticalLevel,11:1:175:6:30:1:11,3:11:1:175:6:30:1:11,UNIT,POL,175,PL,BN,BN,(ext 30),1,11,Unit Reconnaissance Ground Vehicle,RECON,True,0,,"LR Recon BN (POL, LPU).magx -> LR Recon BN (POL, LPU)",yes
"LR Recon BN HQ (POL, LPU)","LR Recon BN HQ (POL, LPU).entity",AggregateTacticalLevel,11:1:175:3:30:1:0,3:11:1:175:3:30:1:0,UNIT,POL,175,PL,PLT,PLT,(ext 30),1,0,Unit Reconnaissance Ground Vehicle,RECON HQ,True,0,,"LR Recon BN HQ (POL, LPU).magx -> LR Recon BN HQ (POL, LPU)",yes
"LR Recon BN PA (POL, LPU)","LR Recon BN PA (POL, LPU).entity",AggregateTacticalLevel,11:1:175:6:30:1:138,3:11:1:175:6:30:1:138,CONTAINER,POL,175,PL,BN,BN,(ext 30),1,138,Echelon Group Reconnaissance Ground Vehicle,RECON,True,4,"HQ: LR Recon BN HQ (POL, LPU); RECON x3: LR Recon CO (POL, LPU)","LR Recon BN PA (POL, LPU).magx -> LR Recon BN PA (POL, LPU)",yes
"LR Recon CO (POL, LPU)","LR Recon CO (POL, LPU).entity",AggregateTacticalLevel,11:1:175:5:30:0:11,3:11:1:175:5:30:0:11,UNIT,POL,175,PL,CO,CO,(ext 30),0,11,Unit Reconnaissance Ground Vehicle,RECON,True,0,,"LR Recon CO (POL, LPU).magx -> LR Recon CO (POL, LPU)",yes
"LR Recon PLT (LTU, JLTV)","LR Recon PLT (LTU, JLTV).entity",AggregateTacticalLevel,11:1:255:3:30:0:44,3:11:1:255:3:30:0:44,UNIT,LTU,255,LT,PLT,PLT,(ext 30),0,44,Unit Reconnaissance Ground Vehicle,RECON,True,0,,"LR Recon PLT (LTU, JLTV).magx -> LR Recon PLT (LTU, JLTV)",yes
"LR Recon PLT (POL, LPU)","LR Recon PLT (POL, LPU).entity",AggregateTacticalLevel,11:1:175:3:30:0:11,3:11:1:175:3:30:0:11,UNIT,POL,175,PL,PLT,PLT,(ext 30),0,11,Unit Reconnaissance Ground Vehicle,RECON,True,0,,"LR Recon PLT (POL, LPU).magx -> LR Recon PLT (POL, LPU)",yes
"LR Sensor CO (RUS, BPDM)","LR Sensor CO (RUS, BPDM).entity",AggregateTacticalLevel,11:1:260:5:30:0:13,3:11:1:260:5:30:0:13,UNIT,RUS,260,RU,CO,CO,(ext 30),0,13,Unit Reconnaissance Ground Vehicle,RECON,True,0,,"LR Sensor PLT (RU, BPDM).magx -> LR Sensor PLT (RU, BPDM)",yes
Logistics BN (LTU),Logistics BN (LTU).entity,AggregateTacticalLevel,11:1:255:6:31:0:0,3:11:1:255:6:31:0:0,UNIT,LTU,255,LT,BN,BN,(ext 31),0,0,Unit Logistics Ground Vehicle,LOG,True,0,,Logistics BN (LTU).magx -> Logistics BN (LTU),yes
Logistics BN (POL),Logistics BN (POL).entity,AggregateTacticalLevel,11:1:175:6:31:0:0,3:11:1:175:6:31:0:0,UNIT,POL,175,PL,BN,BN,(ext 31),0,0,Unit Logistics Ground Vehicle,LOG,True,0,,Logistics BN (POL).magx -> Logistics BN (POL),yes
Logistics BN PA (LTU),Logistics BN PA (LTU).entity,AggregateTacticalLevel,11:1:255:6:31:0:127,3:11:1:255:6:31:0:127,CONTAINER,LTU,255,LT,BN,BN,(ext 31),0,127,Echelon Group Logistics Ground Vehicle,LOG,True,3,SPT x3: Logistics CO (LTU),Logistics BN PA (LTU).magx -> Logistics BN PA (LTU),yes
Logistics CO (LTU),Logistics CO (LTU).entity,AggregateTacticalLevel,11:1:255:5:31:0:0,3:11:1:255:5:31:0:0,UNIT,LTU,255,LT,CO,CO,(ext 31),0,0,Unit Logistics Ground Vehicle,LOG,True,0,,Logistics CO (LTU).magx -> Logistics CO (LTU),yes
"Logistics CO (LTU, Boxer)","Logistics CO (LTU, Boxer).entity",AggregateTacticalLevel,11:1:255:5:31:0:18,3:11:1:255:5:31:0:18,UNIT,LTU,255,LT,CO,CO,(ext 31),0,18,Unit Logistics Ground Vehicle,LOG,True,0,,"Logistics CO (LTU, Boxer).magx -> Logistics CO (LTU, Boxer)",yes
"Logistics CO (LTU, M113)","Logistics CO (LTU, M113).entity",AggregateTacticalLevel,11:1:255:5:31:0:113,3:11:1:255:5:31:0:113,UNIT,LTU,255,LT,CO,CO,(ext 31),0,113,Unit Logistics Ground Vehicle,LOG,True,0,,"Logistics CO (LTU, M113).magx -> Logistics CO (LTU, M113)",yes
Logistics CO (POL),Logistics CO (POL).entity,AggregateTacticalLevel,11:1:175:5:31:0:0,3:11:1:175:5:31:0:0,UNIT,POL,175,PL,CO,CO,(ext 31),0,0,Unit Logistics Ground Vehicle,LOG,True,0,,Logistics CO (POL).magx -> Logistics CO (POL),yes
"LR Recon CO (RUS, BRDM, BTR-82)","Long Range Recon CO (RUS, BRDM, BTR-82).entity",AggregateTacticalLevel,11:1:260:5:30:0:11,3:11:1:260:5:30:0:11,UNIT,RUS,260,RU,CO,CO,(ext 30),0,11,Unit Reconnaissance Ground Vehicle,RECON,True,0,,"Long Range Recon CO (RU, BRDM, BTR-82).magx -> Long Range Recon CO (RU, BRDM, BTR-82)",yes
"MECH CO PA (CHN, ZBL)","MECH CO PA (CHN, ZBL).entity",AggregateTacticalLevel,11:1:45:5:4:0:76,3:11:1:45:5:4:0:76,CONTAINER,CHN,45,CH,CO,CO,MechanizedInfantry,0,76,Echelon Group Land Mechanized,MECH,True,5,"HQ: Mech HQ SEC (CHN, ZBL); MECH x3: Mech PLT (CHN, ZBL); WEAP: Weapons PLT (CHN, ZBL)",MECH CO PLA PA.magx -> MECH CO PLA PA,yes
"MRL BDE PA (BLR, B-300, BM-30)","MRL BDE PA (BLR, B-300, BM-30).entity",AggregateTacticalLevel,11:1:246:8:8:1:77,3:11:1:246:8:8:1:77,CONTAINER,BLR,246,BY,BDE,BDE,SelfPropelledArtillery,1,77,Echelon Group Artillery Ground Vehicle,MRL,True,5,"HQ: SP ARTY HQ BTY (RUS); MRL: MRL Battalion (BLR, B-300); MRL x2: MRL Battalion (RUS, BM-30); SPT: Materiel Support BN (RUS)","MRL BDE PA (BLR, B-300, BM-30).magx -> MRL BDE PA (BLR, B-300, BM-30)",yes
"MRL BN PA (RUS, BM-21)","MRL BN PA (RUS, BM-21).entity",AggregateTacticalLevel,11:1:260:6:8:1:129,3:11:1:260:6:8:1:129,CONTAINER,RUS,260,RU,BN,BN,SelfPropelledArtillery,1,129,Echelon Group Artillery Ground Vehicle,MRL,True,5,"HQ: SP ARTY HQ BTY (RUS); MRL x3: MRL Battery (RUS, BM-21); SPT: Materiel Support CO (RUS)","MRL BN PA (RUS, BM-21).magx -> MRL BN PA (RUS, BM-21)",yes
"MRL BTY (RUS, 9A53-G)","MRL BTY (RUS, 9A53-G).entity",AggregateTacticalLevel,11:1:260:4:8:0:123,3:11:1:260:4:8:0:123,UNIT,RUS,260,RU,BTY,BTY,SelfPropelledArtillery,0,123,Unit Artillery Ground Vehicle,MRL,True,0,,"MRL Battery (RUS, 9A53-G).magx -> MRL Battery (RUS, 9A53-G)",yes
"MRL BTY (USA, HIMARS)","MRL BTY PA (USA, HIMARS).entity",AggregateTacticalLevel,11:1:225:4:8:0:127,3:11:1:225:4:8:0:127,CONTAINER,USA,225,US,BTY,BTY,SelfPropelledArtillery,0,127,Artillery Echelon Group Fire Support Land,MLRS,True,3,"MRL x3: MRL PLT (USA, HIMARS)","BTY, MLRS US PA.magx -> BTY, MLRS US PA",yes
"MRL Battalion (BLR, B-300)","MRL Battalion (BLR, B-300).entity",AggregateTacticalLevel,11:1:246:6:8:0:78,3:11:1:246:6:8:0:78,UNIT,BLR,246,BY,BN,BN,SelfPropelledArtillery,0,78,Unit Artillery Ground Vehicle,B-300,True,0,,"MRL Battalion (BLR, B-300).magx -> MRL Battalion (BLR, B-300)",yes
"MRL Battalion (POL,  WR-40)","MRL Battalion (POL,  WR-40).entity",AggregateTacticalLevel,11:1:175:6:8:1:122,3:11:1:175:6:8:1:122,UNIT,POL,175,PL,BN,BN,SelfPropelledArtillery,1,122,Unit Artillery Ground Vehicle,MRL,True,0,,"MRL Battalion (POL,  WR-40).magx -> MRL Battalion (POL,  WR-40)",yes
"MRL Battalion (POL, HIMARS)","MRL Battalion (POL, HIMARS).entity",AggregateTacticalLevel,11:1:175:6:8:1:91,3:11:1:175:6:8:1:91,UNIT,POL,175,PL,BN,BN,SelfPropelledArtillery,1,91,Unit Artillery Ground Vehicle,MRL,True,0,,"MRL Battalion (POL, HIMARS).magx -> MRL Battalion (POL, HIMARS)",yes
"MRL Battalion (RUS, 9A53-G)","MRL Battalion (RUS, 9A53-G).entity",AggregateTacticalLevel,11:1:260:6:8:1:123,3:11:1:260:6:8:1:123,UNIT,RUS,260,RU,BN,BN,SelfPropelledArtillery,1,123,Unit Artillery Ground Vehicle,MRL,True,0,,"MRL Battalion (RUS, 9A53-G).magx -> MRL Battalion (RUS, 9A53-G)",yes
"MRL Battalion (RUS, 9A53-S)","MRL Battalion (RUS, 9A53-S).entity",AggregateTacticalLevel,11:1:260:6:8:1:124,3:11:1:260:6:8:1:124,UNIT,RUS,260,RU,BN,BN,SelfPropelledArtillery,1,124,Unit Artillery Ground Vehicle,MRL,True,0,,"MRL Battalion (RUS, 9A53-S).magx -> MRL Battalion (RUS, 9A53-S)",yes
"MRL Battalion (RUS, BM-21)","MRL Battalion (RUS, BM-21).entity",AggregateTacticalLevel,11:1:260:6:8:1:122,3:11:1:260:6:8:1:122,UNIT,RUS,260,RU,BN,BN,SelfPropelledArtillery,1,122,Unit Artillery Ground Vehicle,MRL,True,0,,"MRL Battalion (RUS, BM-21).magx -> MRL Battalion (RUS, BM-21)",yes
"MRL Battalion (RUS, BM-27)","MRL Battalion (RUS, BM-27).entity",AggregateTacticalLevel,11:1:260:6:8:1:220,3:11:1:260:6:8:1:220,UNIT,RUS,260,RU,BN,BN,SelfPropelledArtillery,1,220,Unit Artillery Ground Vehicle,MRL,True,0,,"MRL BN (RUS, BM-27).magx -> MRL BN (RUS, BM-27)",yes
"MRL Battalion (RUS, BM-30)","MRL Battalion (RUS, BM-30).entity",AggregateTacticalLevel,11:1:260:6:8:1:29,3:11:1:260:6:8:1:29,UNIT,RUS,260,RU,BN,BN,SelfPropelledArtillery,1,29,Unit Artillery Ground Vehicle,MRL,True,0,,"MRL Battalion (RUS, BM-30).magx -> MRL Battalion (RUS, BM-30)",yes
"MRL Battery (BLR, B-300)","MRL Battery (BLR, B-300).entity",AggregateTacticalLevel,11:1:246:4:8:0:77,3:11:1:246:4:8:0:77,UNIT,BLR,246,BY,BTY,BTY,SelfPropelledArtillery,0,77,Unit Artillery Ground Vehicle,B-300,True,0,,"MRL Battery (BLR, B-300).magx -> MRL Battery (BLR, B-300)",yes
"MRL Battery (HRV,  M-92)","MRL Battery (HRV,  M-92).entity",AggregateTacticalLevel,11:1:249:4:8:0:122,3:11:1:249:4:8:0:122,UNIT,HRV,249,HR,BTY,BTY,SelfPropelledArtillery,0,122,Unit Artillery Ground Vehicle,MRL,True,0,,"MRL Battery (HRV,  M-92).magx -> MRL Battery (HRV,  M-92)",yes
"MRL Battery (POL,  HIMARS)","MRL Battery (POL,  HIMARS).entity",AggregateTacticalLevel,11:1:175:4:8:0:91,3:11:1:175:4:8:0:91,UNIT,POL,175,PL,BTY,BTY,SelfPropelledArtillery,0,91,Unit Artillery Ground Vehicle,MRL,True,0,,"MRL Battery (POL,  HIMARS).magx -> MRL Battery (POL,  HIMARS)",yes
"MRL Battery (POL,  WR-40)","MRL Battery (POL,  WR-40).entity",AggregateTacticalLevel,11:1:175:4:8:0:122,3:11:1:175:4:8:0:122,UNIT,POL,175,PL,BTY,BTY,SelfPropelledArtillery,0,122,Unit Artillery Ground Vehicle,MRL,True,0,,"MRL Battery (POL,  WR-40).magx -> MRL Battery (POL,  WR-40)",yes
"MRL Battery (RUS, 9A53-S)","MRL Battery (RUS, 9A53-S).entity",AggregateTacticalLevel,11:1:260:4:8:0:124,3:11:1:260:4:8:0:124,UNIT,RUS,260,RU,BTY,BTY,SelfPropelledArtillery,0,124,Unit Artillery Ground Vehicle,MRL,True,0,,"MRL Battery (RUS, 9A53-S).magx -> MRL Battery (RUS, 9A53-S)",yes
"MRL Battery (RUS, BM-21)","MRL Battery (RUS, BM-21).entity",AggregateTacticalLevel,11:1:260:4:8:0:122,3:11:1:260:4:8:0:122,UNIT,RUS,260,RU,BTY,BTY,SelfPropelledArtillery,0,122,Unit Artillery Ground Vehicle,MRL,True,0,,"MRL Battery (RUS, BM-21).magx -> MRL Battery (RUS, BM-21)",yes
"MRL Battery (RUS, BM-27)","MRL Battery (RUS, BM-27).entity",AggregateTacticalLevel,11:1:260:4:8:0:220,3:11:1:260:4:8:0:220,UNIT,RUS,260,RU,BTY,BTY,SelfPropelledArtillery,0,220,Unit Artillery Ground Vehicle,MRL,True,0,,"MRL Battery (RUS, BM-27).magx -> MRL Battery (RUS, BM-27)",yes
"MRL Battery (RUS, BM-30)","MRL Battery (RUS, BM-30).entity",AggregateTacticalLevel,11:1:260:4:8:0:29,3:11:1:260:4:8:0:29,UNIT,RUS,260,RU,BTY,BTY,SelfPropelledArtillery,0,29,Unit Artillery Ground Vehicle,MRL,True,0,,"MRL Battery (RUS, BM-30).magx -> MRL Battery (RUS, BM-30)",yes
MRL HQ PLT (RUS),MRL HQ PLT (RUS).entity,AggregateTacticalLevel,11:1:260:3:8:1:126,3:11:1:260:3:8:1:126,UNIT,RUS,260,RU,PLT,PLT,SelfPropelledArtillery,1,126,Unit Motorized Ground Vehicle,MR HQ,True,0,,MRL HQ PLT (RUS).magx -> MRL HQ PLT (RUS),yes
"MRL PLT (USA, HIMARS)","MRL PLT (USA, HIMARS).entity",AggregateTacticalLevel,11:1:225:3:8:0:227,3:11:1:225:3:8:0:227,UNIT,USA,225,US,PLT,PLT,SelfPropelledArtillery,0,227,Unit Artillery Land,HIMARS,True,0,,"PLT, MLRS US.magx -> PLT, MLRS US",yes
"MRL RGT PA (RUS, 9A53-S)","MRL RGT PA (RUS, 9A53-S).entity",AggregateTacticalLevel,11:1:260:7:8:1:124,3:11:1:260:7:8:1:124,CONTAINER,RUS,260,RU,RGT,RGT,SelfPropelledArtillery,1,124,Echelon Group Artillery Ground Vehicle,MRL,True,8,"HQ: SP ARTY HQ BTY (RUS); MRL x3: MRL Battalion (RUS, 9A53-S); SPT: Materiel Support CO (RUS); MAINT: Maintenance CO (RUS); CBRN: Chemical Defense Platoon (RUS); MED: Medical PLT (RUS)","MRL RGT (RUS, 9A53-S).magx -> MRL RGT (RUS, 9A53-S)",yes
MV-22 3-Ship,MV-22 3-Ship.entity,AggregateTacticalLevel,11:2:225:27:4:17:75,3:11:2:225:27:4:17:75,AIR-UNIT,USA,225,US,cat27,,MechanizedInfantry,17,75,Unit Aircraft Fixed Wing,MV-22 Flt,True,0,,MV-22 3-Ship_0.magx -> MV-22 3-Ship_0,yes
Maintenance BN (RUS),Maintenance BN (RUS).entity,AggregateTacticalLevel,11:1:260:6:31:0:33,3:11:1:260:6:31:0:33,UNIT,RUS,260,RU,BN,BN,(ext 31),0,33,Ground Vehicle Logistics Maintenance Unit,MAINT,True,0,,Maintenance BN (RUS).magx -> Maintenance BN (RUS),yes
Maintenance CO (RUS),Maintenance CO (RUS).entity,AggregateTacticalLevel,11:1:260:5:31:0:32,3:11:1:260:5:31:0:32,UNIT,RUS,260,RU,CO,PLT,(ext 31),0,32,Ground Vehicle Logistics Maintenance Unit,MAINT,True,0,,Maintenance Company (RUS).magx -> Maintenance Company (RUS),yes
"Maintenance PLT (RU, BREM)","Maintenance PLT (RU, BREM).entity",AggregateTacticalLevel,11:1:260:3:31:0:2,3:11:1:260:3:31:0:2,UNIT,RUS,260,RU,PLT,PLT,(ext 31),0,2,Ground Vehicle Logistics Maintenance Unit,MAINT,True,0,,"Maintenance PLT (RU, BREM).magx -> Maintenance PLT (RU, BREM)",yes
Maintenance PLT (RUS),Maintenance PLT (RUS).entity,AggregateTacticalLevel,11:1:260:3:31:0:32,3:11:1:260:3:31:0:32,UNIT,RUS,260,RU,PLT,PLT,(ext 31),0,32,Ground Vehicle Logistics Maintenance Unit,MAINT,True,0,,Maintenance PLT (RU).magx -> Maintenance PLT (RU),yes
Materiel Support BN (RUS),Materiel Support BN (RUS).entity,AggregateTacticalLevel,11:1:260:6:31:1:0,3:11:1:260:6:31:1:0,UNIT,RUS,260,RU,BN,BN,(ext 31),1,0,Unit Ground Vehicle Logistics,SPT,True,0,,Materiel Support BN.magx -> Materiel Support BN,yes
Materiel Support CO (RUS),Materiel Support CO (RUS).entity,AggregateTacticalLevel,11:1:260:5:31:0:0,3:11:1:260:5:31:0:0,UNIT,RUS,260,RU,CO,CO,(ext 31),0,0,Unit Ground Vehicle Logistics,SPT,True,0,,Material Support Company (RU).magx -> Material Support Company (RU),yes
Mech BDE HQ (BLR),Mech BDE HQ (BLR).entity,AggregateTacticalLevel,11:1:246:5:4:1:126,3:11:1:246:5:4:1:126,UNIT,BLR,246,BY,CO,,MechanizedInfantry,1,126,Unit Mechanized Ground Vehicle,HQ,True,0,,Mech BDE HQ (BLR).magx -> Mech BDE HQ (BLR),yes
"Mech BDE HQ (RU, BMP-3)","Mech BDE HQ (RU, BMP-3).entity",AggregateTacticalLevel,11:1:260:5:4:1:126,3:11:1:260:5:4:1:126,UNIT,RUS,260,RU,CO,,MechanizedInfantry,1,126,Unit Mechanized Ground Vehicle,HQ,True,0,,"Mech BDE HQ (RU, BMP-3).magx -> Mech BDE HQ (RU, BMP-3)",yes
"Mech BN HQ (BLR, BMP-2)","Mech BN HQ (BLR, BMP-2).entity",AggregateTacticalLevel,11:1:246:3:4:1:126,3:11:1:246:3:4:1:126,UNIT,BLR,246,BY,PLT,PLT,MechanizedInfantry,1,126,Unit Mechanized Ground Vehicle,HQ,True,0,,"Mech BN HQ (BLR, BMP-2).magx -> Mech BN HQ (BLR, BMP-2)",yes
"Mech BN HQ (DEU, Puma)","Mech BN HQ (DEU, Puma).entity",AggregateTacticalLevel,11:1:78:3:4:1:0,3:11:1:78:3:4:1:0,UNIT,DEU,78,DE,PLT,,MechanizedInfantry,1,0,Unit Mechanized Ground Vehicle,MECH HQ,True,0,,"Mech BN HQ (DEU, Puma).magx -> Mech BN HQ (DEU, Puma)",yes
"Mech BN HQ (LTU, Boxer)","Mech BN HQ (LTU, Boxer).entity",AggregateTacticalLevel,11:1:255:3:4:1:0,3:11:1:255:3:4:1:0,UNIT,LTU,255,LT,PLT,,MechanizedInfantry,1,0,Unit Mechanized Ground Vehicle,MECH HQ,True,0,,"Mech BN HQ (LTU, Boxer).magx -> Mech BN HQ (LTU, Boxer)",yes
"Mech BN HQ (LTU, M113)","Mech BN HQ (LTU, M113).entity",AggregateTacticalLevel,11:1:255:3:4:1:113,3:11:1:255:3:4:1:113,UNIT,LTU,255,LT,PLT,,MechanizedInfantry,1,113,Unit Mechanized Ground Vehicle,MECH HQ,True,0,,"Mech BN HQ (LTU, M113).magx -> Mech BN HQ (LTU, M113)",yes
"Mech BN HQ (POL, Borsuk)","Mech BN HQ (POL, Borsuk).entity",AggregateTacticalLevel,11:1:175:3:4:1:0,3:11:1:175:3:4:1:0,UNIT,POL,175,PL,PLT,PLT,MechanizedInfantry,1,0,Unit Mechanized Ground Vehicle,MECH,True,0,,"Mech BN HQ (POL, Borsuk).magx -> Mech BN HQ (POL, Borsuk)",yes
"Mech BN HQ (RUS, BMP-3)","Mech BN HQ (RUS, BMP-3).entity",AggregateTacticalLevel,11:1:260:3:4:1:126,3:11:1:260:3:4:1:126,UNIT,RUS,260,RU,PLT,PLT,MechanizedInfantry,1,126,Unit Mechanized Ground Vehicle,HQ,True,0,,"Battalion HQ (RU,BMP-3).magx -> Battalion HQ (RU,BMP-3)","NO -> Battalion HQ (RUS, BMP-3)"
"Mech CO (BLR, BMP-2)","Mech CO (BLR, BMP-2).entity",AggregateTacticalLevel,11:1:246:5:4:0:0,3:11:1:246:5:4:0:0,UNIT,BLR,246,BY,CO,CO,MechanizedInfantry,0,0,Unit Mechanized Tank Ground Vehicle,MECH,True,0,,"Mech CO (BLR, BMP-2).magx -> Mech CO (BLR, BMP-2)",yes
"Mech CO (DEU, CV90)","Mech CO (DEU, CV90).entity",AggregateTacticalLevel,11:1:78:5:4:0:0,3:11:1:78:5:4:0:0,UNIT,DEU,78,DE,CO,CO,MechanizedInfantry,0,0,Unit Mechanized Ground Vehicle,MECH,True,0,,"Mech CO (DEU, CV90).magx -> Mech CO (DEU, CV90)",yes
"Mech CO (DEU, Puma)","Mech CO (DEU, Puma).entity",AggregateTacticalLevel,11:1:78:5:4:0:1,3:11:1:78:5:4:0:1,UNIT,DEU,78,DE,CO,CO,MechanizedInfantry,0,1,Unit Mechanized Ground Vehicle,MECH,True,0,,"Mech CO (DEU, Puma).magx -> Mech CO (DEU, Puma)",yes
"Mech CO (FRA, VBCI)","Mech CO (FRA, VBCI).entity",AggregateTacticalLevel,11:1:71:5:4:0:0,3:11:1:71:5:4:0:0,UNIT,FRA,71,FR,CO,CO,MechanizedInfantry,0,0,Unit Mechanized Ground Vehicle,MECH,True,0,,"Mech CO (FRA, VBCI).magx -> Mech CO (FRA, VBCI)",yes
"Mech CO (HRV, Patria)","Mech CO (HRV, Patria).entity",AggregateTacticalLevel,11:1:249:5:4:0:0,3:11:1:249:5:4:0:0,UNIT,HRV,249,HR,CO,CO,MechanizedInfantry,0,0,Unit Mechanized Ground Vehicle,MECH,True,0,,"Mech CO (HRV, Patria).magx -> Mech CO (HRV, Patria)",yes
"Mech CO (LTU, Boxer)","Mech CO (LTU, Boxer).entity",AggregateTacticalLevel,11:1:255:5:4:0:0,3:11:1:255:5:4:0:0,UNIT,LTU,255,LT,CO,CO,MechanizedInfantry,0,0,Unit Mechanized Ground Vehicle,MECH,True,0,,"Mech CO (LTU, Boxer).magx -> Mech CO (LTU, Boxer)",yes
"Mech CO (LTU, M113)","Mech CO (LTU, M113).entity",AggregateTacticalLevel,11:1:255:5:4:0:113,3:11:1:255:5:4:0:113,UNIT,LTU,255,LT,CO,CO,MechanizedInfantry,0,113,Unit Mechanized Ground Vehicle,MECH,True,0,,"Mech CO (LTU, M113).magx -> Mech CO (LTU, M113)",yes
"Mech CO (NLD, CV90)","Mech CO (NLD, CV90).entity",AggregateTacticalLevel,11:1:153:5:4:0:0,3:11:1:153:5:4:0:0,UNIT,NLD,153,DE,CO,CO,MechanizedInfantry,0,0,Unit Mechanized Ground Vehicle,MECH,True,0,,"Mech CO (NLD, CV90).magx -> Mech CO (NLD, CV90)",yes
"Mech CO (POL, Borsuk)","Mech CO (POL, Borsuk).entity",AggregateTacticalLevel,11:1:175:5:4:0:0,3:11:1:175:5:4:0:0,UNIT,POL,175,PL,CO,CO,MechanizedInfantry,0,0,Unit Mechanized Ground Vehicle,MECH,True,0,,"Mech CO (POL, Borsuk).magx -> Mech CO (POL, Borsuk)",yes
"Mech CO (USA, M2)","Mech CO (USA, M2).entity",AggregateTacticalLevel,11:1:225:5:4:0:0,3:11:1:225:5:4:0:0,UNIT,USA,225,US,CO,CO,MechanizedInfantry,0,0,Unit Infantry Ground Vehicle Armor,MECH,True,0,,,yes
"Mech CO PA (POL, Borsuk)","Mech CO PA (POL, Borsuk).entity",AggregateTacticalLevel,11:1:175:5:4:0:127,3:11:1:175:5:4:0:127,CONTAINER,POL,175,PL,CO,CO,MechanizedInfantry,0,127,Echelon Group Mechanized Ground Vehicle,MECH,True,4,"MECH x3: Mech PLT (POL, Borsuk); HQ: Mech HQ SEC (POL, Borsuk)","Mech CO PA (POL, Borsuk).magx -> Mech CO PA (POL, Borsuk)",yes
"Mech CO PA (USA, ACV)","Mech CO PA (USA, ACV).entity",AggregateTacticalLevel,11:1:225:5:4:0:77,3:11:1:225:5:4:0:77,CONTAINER,USA,225,US,CO,CO,MechanizedInfantry,0,77,Echelon Group Land Mechanized,ACV,True,4,"- x4: Mech PLT (USA, ACV)",ACV Company.magx -> ACV Company,yes
"Mech CTG (RUS, BMP-3)","Mech CTG (RUS, BMP-3).entity",AggregateTacticalLevel,11:1:260:5:4:0:72,3:11:1:260:5:4:0:72,UNIT,RUS,260,RU,CO,CO,MechanizedInfantry,0,72,Unit Mechanized Tank Ground Vehicle,MECH,True,0,,"Mech CTG (RU, BMP-3).magx -> Mech CTG (RU, BMP-3)",yes
"Mech HQ SEC (CHN, ZBL)","Mech HQ SEC (CHN, ZBL).entity",AggregateTacticalLevel,11:1:45:14:4:1:76,3:11:1:45:14:4:1:76,UNIT,CHN,45,CH,SEC,,MechanizedInfantry,1,76,Unit Infantry Land Mechanized,HQ,True,0,,MECH CO HQ PLA.magx -> MECH CO HQ PLA,yes
"Mech HQ SEC (POL, Borsuk)","Mech HQ SEC (POL, Borsuk).entity",AggregateTacticalLevel,11:1:175:14:4:1:0,3:11:1:175:14:4:1:0,UNIT,POL,175,PL,SEC,SEC,MechanizedInfantry,1,0,Unit Mechanized Ground Vehicle,MECH HQ,True,0,,"Mech HQ SEC (POL, Borsuk).magx -> Mech HQ SEC (POL, Borsuk)",yes
"Mech PLT (CHN, ZBL)","Mech PLT (CHN, ZBL).entity",AggregateTacticalLevel,11:1:45:3:4:0:0,3:11:1:45:3:4:0:0,UNIT,CHN,45,CH,PLT,PLT,MechanizedInfantry,0,0,Unit Infantry Land Mechanized,MECH,True,0,,Mech Plt PLA.magx -> Mech Plt PLA,yes
"Mech PLT (GBR, Warrior)","Mech PLT (GBR, Warrior).entity",AggregateTacticalLevel,11:1:224:3:4:0:0,3:11:1:224:3:4:0:0,UNIT,GBR,224,GB,PLT,PLT,MechanizedInfantry,0,0,Unit Mechanized Ground Vehicle,MECH,True,0,,"Mech PLT (GBR, Warrior).magx -> Mech PLT (GBR, Warrior)",yes
"Mech PLT (LTU, M113)","Mech PLT (LTU, M113).entity",AggregateTacticalLevel,11:1:255:3:4:0:113,3:11:1:255:3:4:0:113,UNIT,LTU,255,LT,PLT,PLT,MechanizedInfantry,0,113,Unit Mechanized Ground Vehicle,MECH,True,0,,"Mech PLT (LTU, M113).magx -> Mech PLT (LTU, M113)",yes
"Mech PLT (POL, Borsuk)","Mech PLT (POL, Borsuk).entity",AggregateTacticalLevel,11:1:175:3:4:0:0,3:11:1:175:3:4:0:0,UNIT,POL,175,PL,PLT,PLT,MechanizedInfantry,0,0,Unit Mechanized Ground Vehicle,MECH,True,0,,"Mech PLT (POL, Borsuk).magx -> Mech PLT (POL, Borsuk)",yes
"Mech PLT (USA, ACV)","Mech PLT (USA, ACV).entity",AggregateTacticalLevel,11:1:225:3:28:0:75,3:11:1:225:3:28:0:75,UNIT,USA,225,US,PLT,PLT,(ext 28),0,75,Unit Infantry Land Light Armor,ACV,True,0,,ACV Platoon.magx -> ACV Platoon,yes
"Mech TRP (GBR, Warrior)","Mech TRP (GBR, Warrior).entity",AggregateTacticalLevel,11:1:224:5:6:0:4,3:11:1:224:5:6:0:4,UNIT,GBR,224,GB,CO,TRP,ArmoredCavalry,0,4,Unit Mechanized Cavalry Ground Vehicle,MECH,True,0,,"Mech TRP (GBR, Warrior).magx -> Mech TRP (GBR, Warrior)",yes
"Mechanized BN (LTU, Boxer)","Mechanized BN (LTU, Boxer).entity",AggregateTacticalLevel,11:1:255:6:4:1:0,3:11:1:255:6:4:1:0,UNIT,LTU,255,LT,BN,BN,MechanizedInfantry,1,0,Unit Mechanized Ground Vehicle,MECH,True,0,,"Mechanized BN (LTU, Boxer).magx -> Mechanized BN (LTU, Boxer)",yes
"Mechanized BN (LTU, M113)","Mechanized BN (LTU, M113).entity",AggregateTacticalLevel,11:1:255:6:4:1:113,3:11:1:255:6:4:1:113,UNIT,LTU,255,LT,BN,BN,MechanizedInfantry,1,113,Unit Mechanized Ground Vehicle,MECH,True,0,,"Mech BN (LTU, M113).magx -> Mech BN (LTU, M113)",yes
"Mechanized BN (POL, Borsuk)","Mechanized BN (POL, Borsuk).entity",AggregateTacticalLevel,11:1:175:6:4:1:0,3:11:1:175:6:4:1:0,UNIT,POL,175,PL,BN,BN,MechanizedInfantry,1,0,Unit Mechanized Ground Vehicle,MECH,True,0,,"Mechanized BN (POL, Borsuk).magx -> Mechanized BN (POL, Borsuk)",yes
"Mechanized BN PA (DEU, PUMA)","Mechanized BN PA (DEU, PUMA).entity",AggregateTacticalLevel,11:1:78:6:4:1:127,3:11:1:78:6:4:1:127,CONTAINER,DEU,78,DE,BN,BN,MechanizedInfantry,1,127,Echelon Group Mechanized Ground Vehicle,MECH,True,7,"HQ: Mech BN HQ (DEU, Puma); MECH x3: Mech CO (DEU, Puma); RECON: Recon PLT (DEU, Fennek); MORT: SP Mortar PLT (DEU, M113); SPT: Supply CO (DEU)","Mechanized BN PA (DEU, PUMA).magx -> Mechanized BN PA (DEU, PUMA)",yes
"Mechanized BN PA (LTU, Boxer)","Mechanized BN PA (LTU, Boxer).entity",AggregateTacticalLevel,11:1:255:6:4:1:127,3:11:1:255:6:4:1:127,CONTAINER,LTU,255,LT,BN,BN,MechanizedInfantry,1,127,Echelon Group Mechanized Ground Vehicle,MECH,True,9,"HQ: Mech BN HQ (LTU, Boxer); MECH x3: Mech CO (LTU, Boxer); RECON: Recon PLT (LTU, Boxer); ATGM: AT PLT (LTU, Boxer); MORT: Mortar PLT (LTU, Boxer); SAM: SAM PLT (LTU, Boxer, Grom); SPT: Logistics CO (LTU, Boxer)","Mech BN PA (LTU, Boxer).magx -> Mech BN PA (LTU, Boxer)",yes
"Mechanized BN PA (LTU, M113)","Mechanized BN PA (LTU, M113).entity",AggregateTacticalLevel,11:1:255:6:4:1:140,3:11:1:255:6:4:1:140,CONTAINER,LTU,255,LT,BN,BN,MechanizedInfantry,1,140,Echelon Group Mechanized Ground Vehicle,MECH,True,9,"HQ: Mech BN HQ (LTU, M113); MECH x3: Mech CO (LTU, M113); RECON: Recon PLT (LTU, M113); ATGM: ATGM PLT (LTU, M150 AT); MORT: Mortar PLT (LTU, M1064); SAM: SAM PLT (LTU, M113, Grom); SPT: Logistics CO (LTU, M113)","Mech BN PA (LTU, M113).magx -> Mech BN PA (LTU, M113)",yes
"Mechanized BN PA (POL, Borsuk)","Mechanized BN PA (POL, Borsuk).entity",AggregateTacticalLevel,11:1:175:6:4:1:127,3:11:1:175:6:4:1:127,CONTAINER,POL,175,PL,BN,BN,MechanizedInfantry,1,127,Echelon Group Mechanized Ground Vehicle,MECH,True,9,"HQ: Mech BN HQ (POL, Borsuk); MECH x4: Mech CO (POL, Borsuk); RECON: Recon PLT (POL, BWR-1S); MORT: Support CO (POL, M120, Rosomak-S); SPT: Logistics CO (POL); MED: Medical SEC (POL, KTO)","Mechanized BN PA (POL, Borsuk).magx -> Mechanized BN PA (POL, Borsuk)",yes
"Mechanized BTF (POL, Borsuk, K2)","Mechanized BTF (POL, Borsuk, K2).entity",AggregateTacticalLevel,11:1:175:6:19:1:0,3:11:1:175:6:19:1:0,UNIT,POL,175,PL,BN,BN,MechanizedHeavyTaskForce,1,0,Unit Mechanized Tank Ground Vehicle,MECH,True,0,,,yes
"Mechanized BTF 2x2 (POL, Borsuk, K2)","Mechanized BTF 2x2 (POL, Borsuk, K2).entity",AggregateTacticalLevel,11:1:175:6:4:1:2,3:11:1:175:6:4:1:2,UNIT,POL,175,PL,BN,BN,MechanizedInfantry,1,2,Unit Mechanized Tank Ground Vehicle,MECH,True,0,,"Mechanized BTF 2x2 (POL, Borsuk, K2).magx -> Mechanized BTF 2x2 (POL, Borsuk, K2)",yes
Medical BN (RUS),Medical BN (RUS).entity,AggregateTacticalLevel,11:1:260:6:31:0:99,3:11:1:260:6:31:0:99,UNIT,RUS,260,RU,BN,BN,(ext 31),0,99,Unit Ground Vehicle Medical,MED,True,0,,Medical BN (RUS).magx -> Medical BN (RUS),yes
Medical CO  (RUS),Medical CO  (RUS).entity,AggregateTacticalLevel,11:1:260:5:31:0:99,3:11:1:260:5:31:0:99,UNIT,RUS,260,RU,CO,CO,(ext 31),0,99,Unit Ground Vehicle Medical,MED,True,0,,Medical CO  (RU).magx -> Medical CO  (RU),yes
Medical PLT (RUS),Medical PLT (RUS).entity,AggregateTacticalLevel,11:1:260:3:31:0:99,3:11:1:260:3:31:0:99,UNIT,RUS,260,RU,PLT,PLT,(ext 31),0,99,Unit Ground Vehicle Medical,Medical,True,0,,Medical PLT (RU).magx -> Medical PLT (RU),yes
"Medical PLT (USA, M113)","Medical PLT (USA, M113).entity",AggregateTacticalLevel,11:1:225:3:33:0:2,3:11:1:225:3:33:0:2,UNIT,USA,225,US,PLT,PLT,(ext 33),0,2,Unit Medical Ground Vehicle,MED,True,0,,"Medical PLT (USA, M113).magx -> Medical PLT (USA, M113)",yes
"Medical SEC (POL, KTO)","Medical SEC (POL, KTO).entity",AggregateTacticalLevel,11:1:175:14:31:0:99,3:11:1:175:14:31:0:99,UNIT,POL,175,PL,SEC,SEC,(ext 31),0,99,Unit Medical Ground Vehicle,MED,True,0,,"Medical SEC (POL, KTO).magx -> Medical SEC (POL, KTO)",yes
Mi-8R 2-Ship,Mi-8R 2-Ship.entity,AggregateTacticalLevel,11:2:260:19:7:0:0,3:11:2:260:19:7:0:0,AIR-UNIT,RUS,260,RU,cat19,x2,Artillery,0,0,Unit Aircraft Rotary Wing,MI-8R,True,0,,Mi-8R 2-Ship.magx -> Mi-8R 2-Ship,yes
MiG-29  2-Ship,MiG-29 2-Ship.entity,AggregateTacticalLevel,11:2:246:19:1:1:2,3:11:2:246:19:1:1:2,AIR-UNIT,BLR,246,RU BY,cat19,,CavalryTroop,1,2,Unit Aircraft Fixed Wing,MiG-29 x2,True,0,,MiG-29.magx -> MiG-29,yes
Mine Warfare CO (POL),Mine Warfare CO (POL).entity,AggregateTacticalLevel,11:1:175:5:10:0:0,3:11:1:175:5:10:0:0,UNIT,POL,175,PL,CO,CO,Engineer,0,0,Unit Engineering Ground Vehicle,ENG,True,0,,Mine Warfare CO (POL).magx -> Mine Warfare CO (POL),yes
Mineclearing PLT (RUS),Mineclearing PLT (RUS).entity,AggregateTacticalLevel,11:1:260:3:10:0:0,3:11:1:260:3:10:0:0,UNIT,RUS,260,RU,PLT,PLT,Engineer,0,0,Unit Engineering Ground Vehicle,ENG,True,0,,Mineclearing PLT (RU).magx -> Mineclearing PLT (RU),yes
"Missile BN PA (RUS,  (RUS, 9K720 Iskander SS-26)","Missile BN PA (RUS,  (RUS, 9K720 Iskander SS-26).entity",AggregateTacticalLevel,11:1:260:6:8:1:153,3:11:1:260:6:8:1:153,CONTAINER,RUS,260,RU,BN,BN,SelfPropelledArtillery,1,153,Echelon Group Artillery Ground Vehicle,SS-26,True,4,"HQ: MRL HQ PLT (RUS); SSM x2: Missile BTY (RUS, 9K720 Iskander SS-26); SPT: Materiel Support CO (RUS)","Missile BN PA (RUS,  (RUS, 9K720 Iskander SS-26).magx -> Missile BN PA (RUS,  (RUS, 9K720 Iskander SS-26)",yes
"Missile BTY (RUS, 9K720 Iskander SS-26)","Missile BTY (RUS, 9K720 Iskander SS-26).entity",AggregateTacticalLevel,11:1:260:4:8:0:26,3:11:1:260:4:8:0:26,UNIT,RUS,260,RU,BTY,BTY,SelfPropelledArtillery,0,26,Unit Artillery Ground Vehicle,SS-26,True,0,,"Missile BTY (RUS, 9K720 Iskander SS-26).magx -> Missle BTY, (RUS, 9K720 Iskander SS-26)",yes
"Missile, 9K720 Iskander SS-26","Missile, 9K720 Iskander SS-26.entity",AggregateTacticalLevel,11:11:260:1:1:7:0,3:11:11:260:1:1:7:0,AIR-UNIT,RUS,260,RU,VEH,,CavalryTroop,7,0,Aircraft Fixed Wing Unit,SS-26,True,0,,"Missile, 9K720 Iskander SS-26.magx -> Missile, 9K720 Iskander SS-26",NO -> base-sim-aggregate
"Missile, 9K79","Missile, 9K79.entity",AggregateTacticalLevel,11:9:260:1:1:17:0,3:11:9:260:1:1:17:0,AIR-UNIT,RUS,260,RU,VEH,,CavalryTroop,17,0,Aircraft Fixed Wing Unit,9K79,True,0,,"Missile, 9K79.magx -> Missile, 9K79",yes
"Missile, AGM-158","Missile, AGM-158.entity",AggregateTacticalLevel,11:9:225:1:1:26:0,3:11:9:225:1:1:26:0,AIR-UNIT,USA,225,US,VEH,,CavalryTroop,26,0,Aggregate Aircraft Fixed Wing Unit,AGM-158,True,0,,"Missile, AGM-158.magx -> Missile, AGM-158",yes
"Missile, B-300","Missile, B-300.entity",AggregateTacticalLevel,11:9:246:1:1:17:0,3:11:9:246:1:1:17:0,AIR-UNIT,BLR,246,RU,VEH,,CavalryTroop,17,0,Aircraft Fixed Wing Unit,B-300,True,0,,"Missile, B-300.magx -> Missile, B-300",yes
"Missile, DF-21","Missile, DF-21.entity",AggregateTacticalLevel,11:11:45:1:1:4:0,3:11:11:45:1:1:4:0,AIR-UNIT,CHN,45,CH,VEH,,CavalryTroop,4,0,Unit Aircraft Fixed Wing,DF-21,True,0,,,yes
"Missile, Harpoon","Missile, Harpoon.entity",AggregateTacticalLevel,11:6:225:1:1:0:0,3:11:6:225:1:1:0:0,AIR-UNIT,USA,225,US,VEH,,CavalryTroop,0,0,Unit Aircraft Fixed Wing,Harpoon,True,0,,"Missile, Harpoon.magx -> Missile, Harpoon",yes
"Missile, KD-88","Missile, KD-88.entity",AggregateTacticalLevel,11:6:45:1:1:11:3,3:11:6:45:1:1:11:3,AIR-UNIT,CHN,45,CH,VEH,,CavalryTroop,11,3,Unit Aircraft Fixed Wing,KD-88,True,0,,"Missile, KD-88.magx -> Missile, KD-88",yes
"Missile, MGM-140","Missile, MGM-140.entity",AggregateTacticalLevel,11:9:225:1:1:17:0,3:11:9:225:1:1:17:0,AIR-UNIT,USA,225,PL US,VEH,,CavalryTroop,17,0,Aggregate Aircraft Fixed Wing Unit,ATACMS,True,0,,"Missile, MGM-140.magx -> Missile, MGM-140",yes
"Missile, P-1000","Missile, P-1000.entity",AggregateTacticalLevel,11:6:222:1:1:11:0,3:11:6:222:1:1:11:0,AIR-UNIT,RUS222,222,RU,VEH,,CavalryTroop,11,0,Unit Aircraft Fixed Wing,P-1000,True,0,,,NO -> base-sim-aggregate
"Missile, TLAM","Missile, TLAM.entity",AggregateTacticalLevel,11:9:225:1:19:0:0,3:11:9:225:1:19:0:0,AIR-UNIT,USA,225,US,VEH,,MechanizedHeavyTaskForce,0,0,Unit Aircraft Fixed Wing,TLAM,True,0,,"Missile, TLAM.magx -> Missile, TLAM",yes
"Missile, YJ-18","Missile, YJ-18.entity",AggregateTacticalLevel,11:6:45:1:1:24:0,3:11:6:45:1:1:24:0,AIR-UNIT,CHN,45,CN,VEH,,CavalryTroop,24,0,Unit Aircraft Fixed Wing,YJ-18,True,0,,"Missile, Harpoon_0.magx -> Missile, Harpoon_0",yes
"Missile, YJ-62","Missile, YJ-62.entity",AggregateTacticalLevel,11:6:45:1:1:20:0,3:11:6:45:1:1:20:0,AIR-UNIT,CHN,45,CH,VEH,,CavalryTroop,20,0,Unit Aircraft Fixed Wing,YJ-62,True,0,,,yes
"Missile, YJ-82","Missile, YJ-82.entity",AggregateTacticalLevel,11:6:45:1:11:1:0,3:11:6:45:1:11:1:0,AIR-UNIT,CHN,45,CN,VEH,,AirDefenseArtillery,1,0,Unit Aircraft Fixed Wing,"Missile, YJ-82",True,0,,,yes
"Missile, YJ-83K","Missile, YJ-83K.entity",AggregateTacticalLevel,11:6:45:1:12:1:1,3:11:6:45:1:12:1:1,AIR-UNIT,CHN,45,CN,VEH,,AntiTank,1,1,Unit Aircraft Fixed Wing,"Missile, YJ-83K",True,0,,,yes
"Mortar BTY (BLR, 2S12)","Mortar BTY (BLR, 2S12).entity",AggregateTacticalLevel,11:1:246:4:7:0:120,3:11:1:246:4:7:0:120,UNIT,BLR,246,BY,BTY,BTY,Artillery,0,120,Unit Mortar Ground Vehicle,MORT,True,0,,"Mortar BTY (BLR, 2S12).magx -> Mortar BTY (BLR, 2S12)",yes
"Mortar BTY (RUS, 2S31)","Mortar BTY (RUS, 2S31).entity",AggregateTacticalLevel,11:1:260:4:7:0:120,3:11:1:260:4:7:0:120,UNIT,RUS,260,RU,BTY,BTY,Artillery,0,120,Unit Mortar Ground Vehicle,MORT,True,0,,"Mortar BTY (RU, 2S31).magx -> Mortar BTY (RU, 2S31)",yes
"Mortar PLT (LTU, Boxer)","Mortar PLT (LTU, Boxer).entity",AggregateTacticalLevel,11:1:255:3:7:0:120,3:11:1:255:3:7:0:120,UNIT,LTU,255,LT,PLT,PLT,Artillery,0,120,Unit Mortar Ground Vehicle,MORT,True,0,,"Mortar PLT (LTU, Boxer).magx -> Mortar PLT (LTU, Boxer)",yes
"Mortar PLT (LTU, M1064)","Mortar PLT (LTU, M1064).entity",AggregateTacticalLevel,11:1:255:3:7:0:133,3:11:1:255:3:7:0:133,UNIT,LTU,255,LT,PLT,PLT,Artillery,0,133,Unit Mortar Ground Vehicle,MORT,True,0,,"Mortar PLT (LTU, M1064).magx -> Mortar PLT (LTU, M1064)",yes
"Mortar PLT (USA, M1064)","Mortar PLT (USA, M1064).entity",AggregateTacticalLevel,11:1:225:3:7:0:133,3:11:1:225:3:7:0:133,UNIT,USA,225,US,PLT,PLT,Artillery,0,133,Unit Mortar Ground Vehicle,MORT,True,0,,,yes
"Motorized BN (POL, Rosomak)","Motorized BN (POL, Rosomak).entity",AggregateTacticalLevel,11:1:175:6:18:1:0,3:11:1:175:6:18:1:0,UNIT,POL,175,PL,BN,BN,MotorizedRifle,1,0,Unit Motorized Ground Vehicle,MR,True,0,,,yes
"Motorized BN HQ (POL, Rosomak)","Motorized BN HQ (POL, Rosomak).entity",AggregateTacticalLevel,11:1:175:3:18:1:0,3:11:1:175:3:18:1:0,UNIT,POL,175,PL,PLT,SEC,MotorizedRifle,1,0,Unit Motorized Ground Vehicle,MR HQ,True,0,,"Motorized BN HQ (POL, Rosomak).magx -> Motorized BN HQ (POL, Rosomak)",yes
"Motorized BN PA (POL, Rosomak)","Motorized BN PA (POL, Rosomak).entity",AggregateTacticalLevel,11:1:175:5:18:1:127,3:11:1:175:5:18:1:127,CONTAINER,POL,175,PL,CO,BN,MotorizedRifle,1,127,Echelon Group Motorized Ground Vehicle,MR,True,9,"HQ: Motorized BN HQ (POL, Rosomak); MTZ x4: Motorized CO (POL, Rosomak); RECON: Recon PLT (POL, Rosomak); MORT: Support CO (POL, M120, Rosomak-S); SPT: Logistics CO (POL); MED: Medical SEC (POL, KTO)","Motorized BN PA (POL, Rosomak).magx -> Motorized BN PA (POL, Rosomak)",yes
"Motorized CO (POL, Rosomak)","Motorized CO (POL, Rosomak).entity",AggregateTacticalLevel,11:1:175:5:18:0:0,3:11:1:175:5:18:0:0,UNIT,POL,175,PL,CO,CO,MotorizedRifle,0,0,Unit Motorized Ground Vehicle,MR,True,0,,"Motorized CO (POL, Rosomak).magx -> Motorized CO (POL, Rosomak)",yes
"Motorized CO PA (POL, Rosomak)","Motorized CO PA (POL, Rosomak).entity",AggregateTacticalLevel,11:1:175:5:18:0:127,3:11:1:175:5:18:0:127,CONTAINER,POL,175,PL,CO,CO,MotorizedRifle,0,127,Echelon Group Motorized Ground Vehicle,MR,True,4,"HQ: Motorized HQ SEC (POL, Rosomak); MTZ x3: Motorized PLT (POL, Rosomak)","Motorized CO PA (POL, Rosomak).magx -> Motorized CO PA (POL, Rosomak)",yes
"Motorized HQ PLT (RUS, BTR-80)","Motorized HQ PLT (RUS, BTR-80).entity",AggregateTacticalLevel,11:1:260:3:18:1:80,3:11:1:260:3:18:1:80,UNIT,RUS,260,RU,PLT,PLT,MotorizedRifle,1,80,Unit Motorized Ground Vehicle,MR HQ,True,0,,"Motorized HQ PLT (RU, BTR-80).magx -> Motorized HQ PLT (RU, BTR-80)",yes
"Motorized HQ PLT (RUS, BTR-82A)","Motorized HQ PLT (RUS, BTR-82A).entity",AggregateTacticalLevel,11:1:260:3:18:1:82,3:11:1:260:3:18:1:82,UNIT,RUS,260,RU,PLT,PLT,MotorizedRifle,1,82,Unit Motorized Ground Vehicle,MR HQ,True,0,,"Motorized HQ PLT (RU, BTR-82A).magx -> Motorized HQ PLT (RU, BTR-82A)",yes
"Motorized HQ SEC (POL, Rosomak)","Motorized HQ SEC (POL, Rosomak).entity",AggregateTacticalLevel,11:1:175:14:18:1:0,3:11:1:175:14:18:1:0,UNIT,POL,175,PL,SEC,SEC,MotorizedRifle,1,0,Unit Motorized Ground Vehicle,MR HQ,True,0,,"Motorized HQ SEC (POL, Rosomak).magx -> Motorized HQ SEC (POL, Rosomak)",yes
"Motorized PLT (POL, Rosomak)","Motorized PLT (POL, Rosomak).entity",AggregateTacticalLevel,11:1:175:3:18:0:0,3:11:1:175:3:18:0:0,UNIT,POL,175,PL,PLT,PLT,MotorizedRifle,0,0,Unit Motorized Ground Vehicle,MR,True,0,,"Motorized PLT (POL, Rosomak).magx -> Motorized PLT (POL, Rosomak)",yes
"Motorized Rifle Battalion (RUS, BTR-80)","Motorized Rifle Battalion (RUS, BTR-80).entity",AggregateTacticalLevel,11:1:260:6:18:1:80,3:11:1:260:6:18:1:80,UNIT,RUS,260,RU,BN,BN,MotorizedRifle,1,80,Unit Motorized Ground Vehicle,MRB,True,0,,"Motorized Rifle Battalion (RU, BTR-80).magx -> Motorized Rifle Battalion (RU, BTR-80)",yes
"Motorized Rifle Battalion (RUS, BTR-82A)","Motorized Rifle Battalion (RUS, BTR-82A).entity",AggregateTacticalLevel,11:1:260:6:18:1:82,3:11:1:260:6:18:1:82,UNIT,RUS,260,RU,BN,BN,MotorizedRifle,1,82,Unit Motorized Ground Vehicle,MRB,True,0,,"Motorized Rifle Battalion (RU, BTR-82A).magx -> Motorized Rifle Battalion (RU, BTR-82A)",yes
"Motorized Rifle Battalion PA (RUS, BTR-82A)","Motorized Rifle Battalion PA (RUS, BTR-82A).entity",AggregateTacticalLevel,11:1:260:6:18:1:128,3:11:1:260:6:18:1:128,CONTAINER,RUS,260,RU,BN,,MotorizedRifle,1,128,Echelon Group Motorized Ground Vehicle,MRB,True,13,"HQ: Motorized HQ PLT (RUS, BTR-82A); MTZ x3: Motorized Rifle Company (RUS, BTR-82A); RECON: Recon PLT (RUS, BRDM); ATGM: ATGM PLT (RUS, 9P148); AGL: AGL PLT (RUS, BMP-3, AGS-17); MORT: Mortar BTY (RUS, 2S31); ENG: Mineclearing PLT (RUS); EW: Radio PLT (RUS); SPT: Service and Supply PLT (RUS); MAINT: Maintenance PLT (RUS); MED: Medical PLT (RUS)","Motorized Rifle Battalion PA (RU, BTR-82A).magx -> Motorized Rifle Battalion PA (RU, BTR-82A)",yes
"Motorized Rifle Company (RUS, BTR-80)","Motorized Rifle Company (RUS, BTR-80).entity",AggregateTacticalLevel,11:1:260:5:18:0:80,3:11:1:260:5:18:0:80,UNIT,RUS,260,RU,CO,CO,MotorizedRifle,0,80,Unit Motorized Ground Vehicle,MRC,True,0,,"Motorized Rifle Company (RU, BTR-80).magx -> Motorized Rifle Company (RU, BTR-80)",yes
"Motorized Rifle Company (RUS, BTR-82A)","Motorized Rifle Company (RUS, BTR-82A).entity",AggregateTacticalLevel,11:1:260:5:18:0:82,3:11:1:260:5:18:0:82,UNIT,RUS,260,RU,CO,CO,MotorizedRifle,0,82,Unit Motorized Ground Vehicle,MRC,True,0,,"Motorized Rifle Company (RU, BTR-82A).magx -> Motorized Rifle Company (RU, BTR-82A)",yes
Orlan-10,Orlan-10.entity,AggregateTacticalLevel,11:2:260:9:50:4:1,3:11:2:260:9:50:4:1,AIR-UNIT,RUS,260,RU,DIV,,(ext 50),4,1,Unit Aircraft Fixed Wing,Orlan-10,True,0,,Orlan-10 x2_0.magx -> Orlan-10 x2_0,yes
PHIBRON PA (USA),PHIBRON PA (USA).entity,AggregateTacticalLevel,11:3:225:9:0:0:0,3:11:3:225:9:0:0:0,CONTAINER,USA,225,US,DIV,,Other,0,0,Echelon Group Naval,PHIBRON,True,3,"-: Amphibious Task Force PA (USA); -: Squadron, ACE PA (USA, USMC); -: BN, GCE PA (USA, USMC)",PHIBRON PA.magx -> PHIBRON PA,yes
RGT Motorized Rifle PA,RGT Motorized Rifle PA.entity,AggregateTacticalLevel,11:1:-1:7:18:1:-1,3:11:1:-1:7:18:1:-1,CONTAINER,ANY,-1,,RGT,,MotorizedRifle,1,-1,Echelon Group,MRR,False,0,,,yes
"RGT, GCE PA (USA, USMC).","RGT, GCE PA (USA, USMC).entity",AggregateTacticalLevel,11:1:225:7:4:1:75,3:11:1:225:7:4:1:75,CONTAINER,USA,225,US,RGT,RGT,MechanizedInfantry,1,75,Echelon Group Land,GCE,True,3,"MECH: BN, GCE PA (USA, USMC); FIRES: FA BTY PA (USA, 155mm); MRL: MRL BTY PA (USA, HIMARS)","RGT, GCE USMC.magx -> RGT, GCE USMC",yes
"RGT, Reconnaissance PA","RGT, Reconnaissance PA.entity",AggregateTacticalLevel,11:1:-1:7:30:1:-1,3:11:1:-1:7:30:1:-1,CONTAINER,ANY,-1,,RGT,RGT,(ext 30),1,-1,Echelon Group,RECON,False,0,,"RGT, Reconnaissance.magx -> RGT, Reconnaissance",yes
"RGT, Tank PA","RGT, Tank PA.entity",AggregateTacticalLevel,11:1:-1:7:2:1:-1,3:11:1:-1:7:2:1:-1,CONTAINER,ANY,-1,,RGT,RGT,Armor,1,-1,Echelon Group Tank,TANK,False,0,,,yes
"RISTA CO (RUS, Orlan-10)","RISTA CO (RUS, Orlan-10).entity",AggregateTacticalLevel,11:1:260:5:21:0:102,3:11:1:260:5:21:0:102,UNIT,RUS,260,RU,CO,CO,CEWI,0,102,Unit Ground Vehicle Reconnaissance,RISTA,True,0,,"RISTA CO (RUS, Orlan-10).magx -> RISTA CO (RUS, Orlan-10)",yes
"RISTA CO PA (BLR, Orlan-10)","RISTA CO PA (BLR, Orlan-10).entity",AggregateTacticalLevel,11:1:246:5:30:0:102,3:11:1:246:5:30:0:102,CONTAINER,BLR,246,BY,CO,CO,(ext 30),0,102,Echelon Group,RISTA,True,7,"HQ: Motorized HQ PLT (RUS, BTR-82A); EW x6: RISTA SEC (RUS, Orlan-10)","RISTA CO PA (BLR, Orlan-10).magx -> RISTA CO PA (BLR, Orlan-10)",yes
"RISTA SEC (RUS, Orlan-10)","RISTA SEC (RUS, Orlan-10).entity",AggregateTacticalLevel,11:1:260:14:21:0:102,3:11:1:260:14:21:0:102,UNIT,RUS,260,RU,SEC,SEC,CEWI,0,102,Unit Ground Vehicle Reconnaissance,RISTA,True,0,,"RISTA SEC (RU, Orlan-10).magx -> RISTA SEC (RU, Orlan-10)",yes
"Air Cavalry SQN (RUS, Mi-8, Orlan-10)","RISTA SQN (RUS, Mi-8, Orlan-10).entity",AggregateTacticalLevel,11:2:260:4:7:1:0,3:11:2:260:4:7:1:0,CONTAINER,RUS,260,RU,BTY,SQN,Artillery,1,0,Echelon Group,CAV,True,2,"-: Air Cavalry TRP PA (RUS, Mi-8R); -: UAV Altair x8 FLT (RUS, Altair)","RISTA SQN (RUS, Mi-8, Orlan-10).magx -> RISTA SQN (RUS, Mi-8, Orlan-10)",yes
Radio PLT (RUS),Radio PLT (RUS).entity,AggregateTacticalLevel,11:1:260:3:21:0:1,3:11:1:260:3:21:0:1,UNIT,RUS,260,RU,PLT,PLT,CEWI,0,1,Unit Ground Vehicle Signal,RADIO,True,0,,Radio PLT (RU).magx -> Radio PLT (RU),yes
"Radio PLT (RUS, MT-LBu)","Radio PLT (RUS, MT-LBu).entity",AggregateTacticalLevel,11:1:260:3:21:0:2,3:11:1:260:3:21:0:2,UNIT,RUS,260,RU,PLT,PLT,CEWI,0,2,Unit Ground Vehicle Signal,RADIO,True,0,,"Radio PLT (RU, MT-LBu).magx -> Radio PLT (RU, MT-LBu)",yes
"Recon BN (POL, BWR-1S)","Recon BN (POL, BWR-1S).entity",AggregateTacticalLevel,11:1:175:6:30:1:0,3:11:1:175:6:30:1:0,UNIT,POL,175,PL,BN,BN,(ext 30),1,0,Unit Reconnaissance Ground Vehicle,RECON,True,0,,"Recon BN (POL, BWR-1S).magx -> Recon BN (POL, BWR-1S)",yes
"Recon BN PA (DEU, Fennek, KZO)","Recon BN PA (DEU, Fennek, KZO).entity",AggregateTacticalLevel,11:1:78:6:30:1:50,3:11:1:78:6:30:1:50,CONTAINER,DEU,78,DE,BN,BN,(ext 30),1,50,Echelon Group Reconnaissance Ground Vehicle,RECON,True,3,"RECON x3: Recon CO (DEU, Fennek, KZO)","Recon BN PA (DEU, Fennek, KZO).magx -> Recon BN PA (DEU, Fennek, KZO)",yes
"Recon BN PA (POL, BWR-1S)","Recon BN PA (POL, BWR-1S).entity",AggregateTacticalLevel,11:1:175:6:30:1:127,3:11:1:175:6:30:1:127,CONTAINER,POL,175,PL,BN,BN,(ext 30),1,127,Echelon Group Reconnaissance Ground Vehicle,RECON,True,3,"RECON: Recon PLT (POL, BWR-1S); RECON x2: Recon CO (POL, BWR-1S)","Recon BN PA (POL, BWR-1S).magx -> Recon BN PA (POL, BWR-1S); Recon BN PA (POL, BWR-1S)_0.magx -> Recon BN PA (POL, BWR-1S); Recon BN PA (POL, BWR-1S)_0.magx -> Recon BN PA (POL, BWR-1S)_0",yes
Recon BN PA (RUS),Recon BN PA (RUS).entity,AggregateTacticalLevel,11:1:260:6:30:1:0,3:11:1:260:6:30:1:0,CONTAINER,RUS,260,RU,BN,BN,(ext 30),1,0,Echelon Group Reconnaissance Ground Vehicle,RECON,True,8,"HQ: Battalion HQ (RUS, BMP-3); RECON: Long Range Recon CO (RUS, BRDM, BTR-82); RECON: Recon CO (RUS, BRM-3K, BTR-82); RECON: LR Sensor CO (RUS, BPDM); EW: RISTA SEC (RUS, Orlan-10); EW: Electronic Warfare CO (RUS, MT-LBu); EW: Radio PLT (RUS); SPT: Service and Supply PLT (RUS)",Recon BN PA (RUS).magx -> Recon BN PA (RUS),yes
"Recon CO (DEU, Fennek, KZO)","Recon CO (DEU, Fennek, KZO).entity",AggregateTacticalLevel,11:1:78:5:30:0:54,3:11:1:78:5:30:0:54,UNIT,DEU,78,DE,CO,CO,(ext 30),0,54,Unit Ground Vehicle Reconnaissance,RECON,True,0,,"Recon CO (DEU, Fennek, KZO).magx -> Recon CO (DEU, Fennek, KZO)",yes
"Recon CO (LTU, Boxer, JLTV)","Recon CO (LTU, Boxer, JLTV).entity",AggregateTacticalLevel,11:1:255:5:30:0:0,3:11:1:255:5:30:0:0,UNIT,LTU,255,LT,CO,CO,(ext 30),0,0,Unit Reconnaissance Ground Vehicle,RECON,True,0,,"Recon CO (LTU, Boxer, JLTV).magx -> Recon CO (LTU, Boxer, JLTV)",yes
"Recon CO (POL, BWR-1S)","Recon CO (POL, BWR-1S).entity",AggregateTacticalLevel,11:1:175:5:30:0:80,3:11:1:175:5:30:0:80,UNIT,POL,175,PL,CO,CO,(ext 30),0,80,Unit Reconnaissance Ground Vehicle,RECON,True,0,,"Recon CO (POL, BWR-1S).magx -> Recon CO (POL, BWR-1S)",yes
"Recon CO (RUS, BRM-3K, BTR-82)","Recon CO (RUS, BRM-3K, BTR-82).entity",AggregateTacticalLevel,11:1:260:5:30:0:12,3:11:1:260:5:30:0:12,UNIT,RUS,260,RU,CO,CO,(ext 30),0,12,Unit Reconnaissance Ground Vehicle,RECON,True,0,,"Recon CO (RU, BRM-3K, BTR-82).magx -> Recon CO (RU, BRM-3K, BTR-82)",yes
"Recon CO HQ (USA, USMC)","Recon CO HQ (USA, USMC).entity",AggregateTacticalLevel,11:1:225:14:30:1:75,3:11:1:225:14:30:1:75,UNIT,USA,225,US,SEC,SEC,(ext 30),1,75,Unit Reconnaissance Land Light Armor,LAR HQ,True,0,,LAR CO HQ USMC.magx -> LAR CO HQ USMC,yes
"Recon CO PA (BLR, BMP, BRDM)","Recon CO PA (BLR, BMP, BRDM).entity",AggregateTacticalLevel,11:1:246:5:30:0:127,3:11:1:246:5:30:0:127,CONTAINER,BLR,246,BY,CO,CO,(ext 30),0,127,Echelon Group Reconnaissance Ground Vehicle,RECON,True,3,"RECON: Recon PLT (RUS, BRDM); EW: Jamming PLT (RUS); RECON: Recon PLT (BLR, BMP)","Recon CO PA (BLR, BMP, BRDM)_0.magx -> Recon CO PA (BLR, BMP, BRDM); Recon CO PA (BLR, BMP, BRDM)_0.magx -> Recon CO PA (BLR, BMP, BRDM)_0",yes
"Recon CO PA (LTU, Boxer, JLTV)","Recon CO PA (LTU, Boxer, JLTV).entity",AggregateTacticalLevel,11:1:255:5:30:0:127,3:11:1:255:5:30:0:127,CONTAINER,LTU,255,LT,CO,CO,(ext 30),0,127,Echelon Group Reconnaissance Ground Vehicle,RECON,True,3,"RECON x2: Recon PLT (LTU, Boxer); RECON: LR Recon PLT (LTU, JLTV)","Recon CO PA (LTU, Boxer, JLTV).magx -> Recon CO PA (LTU, Boxer, JLTV)",yes
"Recon CO PA (USA, USMC)","Recon CO PA (USA, USMC).entity",AggregateTacticalLevel,11:1:225:5:30:0:75,3:11:1:225:5:30:0:75,CONTAINER,USA,225,US,CO,CO,(ext 30),0,75,Echelon Group Land Reconnaissance Light Armor,LAR,True,5,"HQ: Recon CO HQ (USA, USMC); MECH x3: Recon PLT USMC (USA, LAV-25); WEAP: Recon Weapons PLT USMC (USA, LAV-AT, LAV-M)",LAR CO USMC.magx -> LAR CO USMC,yes
"Recon PLT (BLR, BMP)","Recon PLT (BLR, BMP).entity",AggregateTacticalLevel,11:1:246:3:30:0:0,3:11:1:246:3:30:0:0,UNIT,BLR,246,RU,PLT,PLT,(ext 30),0,0,Unit Reconnaissance Ground Vehicle,RECON,True,0,,"Recon PLT (BLR, BMP).magx -> Recon PLT (BLR, BMP)",yes
"Recon PLT (DEU, Fennek)","Recon PLT (DEU, Fennek).entity",AggregateTacticalLevel,11:1:78:3:30:0:0,3:11:1:78:3:30:0:0,UNIT,DEU,78,DE,PLT,PLT,(ext 30),0,0,Unit Ground Vehicle Reconnaissance,RECON,True,0,,"Recon PLT (DEU, Fennek).magx -> Recon PLT (DEU, Fennek)",yes
"Recon PLT (LTU, Boxer)","Recon PLT (LTU, Boxer).entity",AggregateTacticalLevel,11:1:255:3:30:0:0,3:11:1:255:3:30:0:0,UNIT,LTU,255,LT,PLT,PLT,(ext 30),0,0,Unit Reconnaissance Ground Vehicle,RECON,True,0,,"Recon PLT (LTU, Boxer).magx -> Recon PLT (LTU, Boxer)",yes
"Recon PLT (LTU, M113)","Recon PLT (LTU, M113).entity",AggregateTacticalLevel,11:1:255:3:30:0:113,3:11:1:255:3:30:0:113,UNIT,LTU,255,LT,PLT,PLT,(ext 30),0,113,Unit Reconnaissance Ground Vehicle,RECON,True,0,,"Recon PLT (LTU, M113).magx -> Recon PLT (LTU, M113)",yes
"Recon PLT (POL, BWR-1S)","Recon PLT (POL, BWR-1S).entity",AggregateTacticalLevel,11:1:175:3:30:0:4,3:11:1:175:3:30:0:4,UNIT,POL,175,PL,PLT,PLT,(ext 30),0,4,Unit Reconnaissance Ground Vehicle,RECON,True,0,,"Recon PLT (POL, BWR-1S).magx -> Recon PLT (POL, BWR-1S)",yes
"Recon PLT (POL, Rosomak)","Recon PLT (POL, Rosomak).entity",AggregateTacticalLevel,11:1:175:3:30:0:18,3:11:1:175:3:30:0:18,UNIT,POL,175,PL,PLT,PLT,(ext 30),0,18,Unit Reconnaissance Ground Vehicle,RECON,True,0,,"Recon PLT (POL, Rosomak).magx -> Recon PLT (POL, Rosomak)",yes
"Recon PLT (RUS, BMD-4M)","Recon PLT (RUS, BMD-4M).entity",AggregateTacticalLevel,11:1:260:3:30:0:11,3:11:1:260:3:30:0:11,UNIT,RUS,260,RU,PLT,PLT,(ext 30),0,11,Unit Reconnaissance Ground Vehicle,RECON,True,0,,"Recon PLT (RU, BMD-4M).magx -> Recon PLT (RU, BMD-4M)",yes
"Recon PLT (RUS, BMP-3)","Recon PLT (RUS, BMP-3).entity",AggregateTacticalLevel,11:1:260:3:30:0:0,3:11:1:260:3:30:0:0,UNIT,RUS,260,RU,PLT,PLT,(ext 30),0,0,Unit Reconnaissance Ground Vehicle,RECON,True,0,,"Recon PLT (RU, BMP-3).magx -> Recon PLT (RU, BMP-3)",yes
"Recon PLT (RUS, BRDM)","Recon PLT (RUS, BRDM).entity",AggregateTacticalLevel,11:1:260:3:30:0:80,3:11:1:260:3:30:0:80,UNIT,RUS,260,RU,PLT,PLT,(ext 30),0,80,Unit Reconnaissance Ground Vehicle,RECON,True,0,,"Recon PLT (RU, BRDM).magx -> Recon PLT (RU, BRDM)",yes
"Recon PLT USMC (USA, LAV-25)","Recon PLT USMC (USA, LAV-25).entity",AggregateTacticalLevel,11:1:225:3:30:0:75,3:11:1:225:3:30:0:75,UNIT,USA,225,US,PLT,PLT,(ext 30),0,75,Unit Infantry Land Light Armor,LAR,True,0,,LAR PLT USMC.magx -> LAR PLT USMC,yes
"Recon Weapons PLT USMC (USA, LAV-AT, LAV-M)","Recon Weapons PLT USMC (USA, LAV-AT, LAV-M).entity",AggregateTacticalLevel,11:1:225:3:30:0:77,3:11:1:225:3:30:0:77,UNIT,USA,225,,PLT,PLT,(ext 30),0,77,Unit Reconnaissance Land Light Armor,LAR WEAP,True,0,,LAR WEAP PLT USMC.magx -> LAR WEAP PLT USMC,yes
Reconnaissance BDET (RUS),Reconnaissance BDET (RUS).entity,AggregateTacticalLevel,11:1:260:6:30:1:11,3:11:1:260:6:30:1:11,UNIT,RUS,260,RU,BN,BDET,(ext 30),1,11,Unit Reconnaissance Ground Vehicle,RECON,True,0,,,yes
Reconnaissance BDET PA (RUS),Reconnaissance BDET PA (RUS).entity,AggregateTacticalLevel,11:1:260:6:30:0:127,3:11:1:260:6:30:0:127,CONTAINER,RUS,260,RU,BN,BDET,(ext 30),0,127,Echelon Group Reconnaissance Ground Vehicle,RECON,True,9,"HQ: Airmobile BN HQ (RUS, BMD-4M); RECON: Long Range Recon CO (RUS, BRDM, BTR-82); MECH: Recon CO (RUS, BRM-3K, BTR-82); RECON: LR Sensor CO (RUS, BPDM); FIRES: SP Mortar BTY (RUS, 2S42); SAM: SAM PLT (RUS, MT-LB, 9K333 SA-29); EW: Electronic Warfare CO (RUS, MT-LBu); EW: Radio PLT (RUS); SPT: Technical Support CO (RUS, BREM)",Reconnaissance BDET PA (RU).magx -> Reconnaissance BDET PA (RU),yes
Rheinmetall KZO UAV,Rheinmetall KZO UAV.entity,AggregateTacticalLevel,11:2:78:9:50:4:0,3:11:2:78:9:50:4:0,AIR-UNIT,DEU,78,DE,DIV,,(ext 50),4,0,Unit Aircraft Fixed Wing,KZO,True,0,,Rheinmetall KZO UAV.magx -> Rheinmetall KZO UAV,yes
"Rifle CO PA (USA, USMC)","Rifle CO PA (USA, USMC).entity",AggregateTacticalLevel,11:1:225:5:3:0:75,3:11:1:225:5:3:0:75,CONTAINER,USA,225,,CO,CO,Infantry,0,75,Echelon Group Land Infantry,Rifle,True,5,"HQ: Rifle HQ SEC (USA, USMC); INF x3: Rifle PLT (USA, USMC); WEAP: Weapons PLT (USA, USMC)",,yes
"Rifle HQ SEC (USA, USMC)","Rifle HQ SEC (USA, USMC).entity",AggregateTacticalLevel,11:1:225:14:3:1:75,3:11:1:225:14:3:1:75,UNIT,USA,225,US,SEC,SEC,Infantry,1,75,Unit Infantry Land,HQ,True,0,,RIFLE CO HQ USMC.magx -> RIFLE CO HQ USMC,yes
Rifle PLT (POL),Rifle PLT (POL).entity,AggregateTacticalLevel,11:1:175:3:3:0:0,3:11:1:175:3:3:0:0,UNIT,POL,175,PL,PLT,PLT,Infantry,0,0,Unit Infantry,Rifle,True,0,,Rifle PLT (POL).magx -> Rifle PLT (POL),yes
"Rifle PLT (USA, USMC)","Rifle PLT (USA, USMC).entity",AggregateTacticalLevel,11:1:225:3:3:0:75,3:11:1:225:3:3:0:75,UNIT,USA,225,US,PLT,PLT,Infantry,0,75,Unit Infantry Land,Rifle,True,0,,Rifle PLT USMC.magx -> Rifle PLT USMC,yes
Rocket BDE PA (BLR),Rocket BDE PA (BLR).entity,AggregateTacticalLevel,11:1:246:8:8:1:130,3:11:1:246:8:8:1:130,CONTAINER,BLR,246,BY,BDE,BDE,SelfPropelledArtillery,1,130,Echelon Group Artillery Ground Vehicle,Rocket,True,7,"HQ: SP ARTY HQ BTY (RUS); SSM x2: Rocket BN (RUS, 9K79 SS-21); CBRN: Chemical Defense Platoon (RUS); MED: Medical PLT (RUS); MAINT: Maintenance BN (RUS); SPT: Materiel Support BN (RUS)",Rocket BDE PA (BLR).magx -> Rocket BDE PA (BLR),yes
Rocket BDE PA (RUS),Rocket BDE PA (RUS).entity,AggregateTacticalLevel,11:1:260:8:8:1:127,3:11:1:260:8:8:1:127,CONTAINER,RUS,260,RU,BDE,BDE,SelfPropelledArtillery,1,127,Echelon Group Artillery Ground Vehicle,Rocket,True,9,"HQ: SP ARTY HQ BTY (RUS); MRL x2: MRL Battalion (RUS, 9A53-S); SSM: Rocket BN (RUS, 9K79 SS-21); EW: Electronic Warfare CO (RUS, MT-LBu); CBRN: Chemical Defense Platoon (RUS); MED: Medical PLT (RUS); MAINT: Maintenance BN (RUS); SPT: Materiel Support BN (RUS)",Rocket BDE (RUS).magx -> Rocket BDE (RUS),yes
"Rocket BN (RUS, 9K79 SS-21)","Rocket BN (RUS, 9K79 SS-21).entity",AggregateTacticalLevel,11:1:260:6:8:0:21,3:11:1:260:6:8:0:21,UNIT,RUS,260,RU,BN,BTY,SelfPropelledArtillery,0,21,Unit Artillery Ground Vehicle,OTR-21,True,0,,"Rocket BN (RUS, 9K79).magx -> Rocket BN (RUS, 9K79)",yes
"Rocket BTY (RUS, 9K79 SS-21)","Rocket BTY (RUS, 9K79 SS-21).entity",AggregateTacticalLevel,11:1:260:4:8:0:21,3:11:1:260:4:8:0:21,UNIT,RUS,260,RU,BTY,BTY,SelfPropelledArtillery,0,21,Unit Artillery Ground Vehicle,OTR-21,True,0,,"Rocket BTY (RUS, 9K79).magx -> Rocket BTY (RUS, 9K79)",yes
"Rocket BTY (USA, ATACMS)","Rocket BTY (USA, ATACMS).entity",AggregateTacticalLevel,11:1:225:4:8:0:140,3:11:1:225:4:8:0:140,UNIT,USA,225,PL,BTY,BTY,SelfPropelledArtillery,0,140,Unit Artillery Ground Vehicle,Rocket,True,0,,"Rocket Battery (USA, ATACMS).magx -> Rocket Battery (USA, ATACMS)",yes
"Rocket PLT (CHN, DF-21)","Rocket PLT (CHN, DF-21).entity",AggregateTacticalLevel,11:1:45:3:7:0:99,3:11:1:45:3:7:0:99,UNIT,CHN,45,CH,PLT,PLT,Artillery,0,99,Unit Infantry Land,DF-21,True,0,,"PLT, DF-21 TEL.magx -> PLT, DF-21 TEL",yes
"Rocket PLT (CHN, YJ-62)","Rocket PLT (CHN, YJ-62).entity",AggregateTacticalLevel,11:1:45:3:8:0:45,3:11:1:45:3:8:0:45,UNIT,CHN,45,CH,PLT,PLT,SelfPropelledArtillery,0,45,Unit Artillery Land Light Armor,YJ-62,True,0,,YJ-62 Platoon.magx -> YJ-62 Platoon,yes
"Rocket PLT (USA, ATACMS)","Rocket PLT (USA, ATACMS).entity",AggregateTacticalLevel,11:1:225:3:8:0:140,3:11:1:225:3:8:0:140,UNIT,USA,225,PL,PLT,PLT,SelfPropelledArtillery,0,140,Unit Artillery Ground Vehicle,Rocket,True,0,,"Rocket PLT (USA, ATACMS).magx -> Rocket PLT (USA, ATACMS)",yes
"SAM BN (RUS, BUK 9M38)","SAM BN (RUS, BUK 9M38).entity",AggregateTacticalLevel,11:1:260:6:11:0:17,3:11:1:260:6:11:0:17,UNIT,RUS,260,RU,BN,BTY,AirDefenseArtillery,0,17,Unit Air Defense Ground Vehicle,SAM,True,0,,"SAM BN (RUS, BUK 9M38).magx -> SAM BN (RUS, BUK 9M38)",yes
"SAM BN (RUS, S-300 SA-10)","SAM BN (RUS, S-300 SA-10).entity",AggregateTacticalLevel,11:1:260:6:11:0:10,3:11:1:260:6:11:0:10,UNIT,RUS,260,BY,BN,BN,AirDefenseArtillery,0,10,Unit Air Defense Ground Vehicle,S-300,True,0,,"SAM BN (RUS, S-300 SA-10).magx -> SAM BN (RUS, S-300 SA-10)",yes
"SAM BN (RUS, S-400 SA-21)","SAM BN (RUS, S-400 SA-21).entity",AggregateTacticalLevel,11:1:260:6:11:0:21,3:11:1:260:6:11:0:21,UNIT,RUS,260,BY,BN,BN,AirDefenseArtillery,0,21,Unit Air Defense Ground Vehicle,S-400,True,0,,"SAM BN (RUS, S-400 SA-21).magx -> SAM BN (RUS, S-400 SA-21)",yes
"SAM BN PA (RUS, S-300 SA-10)","SAM BN PA (RUS, S-300 SA-10).entity",AggregateTacticalLevel,11:1:260:6:11:1:148,3:11:1:260:6:11:1:148,CONTAINER,RUS,260,RU,BN,BN,AirDefenseArtillery,1,148,Echelon Group Air Defense Ground Vehicle,SA-10,True,7,"HQ: ADA BTY HQ (RUS); SAM x3: SAM BTY (RUS, S-300 SA-10); SPT x3: Service and Supply PLT (RUS)","SAM BN PA (RUS, S-400 SA-21).magx -> SAM BN PA (RUS, S-400 SA-21)",yes
"SAM BTY (BLR, 9K33 SA-8)","SAM BTY (BLR, 9K33 SA-8).entity",AggregateTacticalLevel,11:1:246:4:11:0:8,3:11:1:246:4:11:0:8,UNIT,BLR,246,BY,BTY,BTY,AirDefenseArtillery,0,8,Unit Air Defense Ground Vehicle,SA-8,True,0,,"SAM BTY (BLR, 9K33).magx -> SAM BTY (BLR, 9K33)",yes
"SAM BTY (BLR, 9K38 SA-18)","SAM BTY (BLR, 9K38 SA-18).entity",AggregateTacticalLevel,11:1:246:4:11:0:18,3:11:1:246:4:11:0:18,UNIT,BLR,246,BY,BTY,BTY,AirDefenseArtillery,0,18,Unit Air Defense Ground Vehicle,SA-18,True,0,,"SAM BTY (BLR, 9K38).magx -> SAM BTY (BLR, 9K38)",yes
"SAM BTY (BLR, S-300)","SAM BTY (BLR, S-300).entity",AggregateTacticalLevel,11:1:246:4:11:0:55,3:11:1:246:4:11:0:55,UNIT,BLR,246,BY,BTY,BTY,AirDefenseArtillery,0,55,Unit Air Defense Ground Vehicle,SAM,True,0,,"SAM BTY (BLR, S-300).magx -> SAM BTY (BLR, S-300)",yes
"SAM BTY (RUS, 9K330 SA-15)","SAM BTY (RUS, 9K330 SA-15).entity",AggregateTacticalLevel,11:1:260:4:11:1:1,3:11:1:260:4:11:1:1,UNIT,RUS,260,,BTY,BTY,AirDefenseArtillery,1,1,Unit Artillery Ground Vehicle,SA-15,True,0,,"SAM BTY (RUS, 9K330).magx -> SAM BTY (RUS, 9K330)",yes
"SAM BTY (RUS, 9K35 SA-13)","SAM BTY (RUS, 9K35 SA-13).entity",AggregateTacticalLevel,11:1:260:4:11:0:13,3:11:1:260:4:11:0:13,UNIT,RUS,260,RU,BTY,PLT,AirDefenseArtillery,0,13,Unit Air Defense Ground Vehicle,SA-13,True,0,,"SAM BTY (RUS, 9K35)_0.magx -> SAM BTY (RUS, 9K35)_0",yes
"SAM BTY (RUS, BUK 9M38)","SAM BTY (RUS, BUK 9M38).entity",AggregateTacticalLevel,11:1:260:4:11:0:17,3:11:1:260:4:11:0:17,UNIT,RUS,260,RU,BTY,BTY,AirDefenseArtillery,0,17,Unit Air Defense Ground Vehicle,SAM,True,0,,"SAM BTY (RUS, BUK 9M38).magx -> SAM BTY (RUS, BUK 9M38)",yes
"SAM BTY (RUS, S-300 SA-10)","SAM BTY (RUS, S-300 SA-10).entity",AggregateTacticalLevel,11:1:260:4:11:0:10,3:11:1:260:4:11:0:10,UNIT,RUS,260,BY,BTY,BTY,AirDefenseArtillery,0,10,Unit Air Defense Ground Vehicle,S-300,True,0,,"SAM BTY (RUS, S-300 SA-10).magx -> SAM BTY (RUS, S-300 SA-10)",yes
"SAM BTY (RUS, S-400 SA-21)","SAM BTY (RUS, S-400 SA-21).entity",AggregateTacticalLevel,11:1:260:4:11:0:21,3:11:1:260:4:11:0:21,UNIT,RUS,260,BY,BTY,BTY,AirDefenseArtillery,0,21,Unit Air Defense Ground Vehicle,S-400,True,0,,"SAM BTY (RUS, S-400 SA-21).magx -> SAM BTY (RUS, S-400 SA-21)",yes
"SAM PLT (BLR, BMP, 9K38 SA-18)","SAM PLT (BLR, BMP, 9K38 SA-18).entity",AggregateTacticalLevel,11:1:246:3:11:0:0,3:11:1:246:3:11:0:0,UNIT,BLR,246,BY,PLT,PLT,AirDefenseArtillery,0,0,Unit Air Defense Ground Vehicle,SAM,True,0,,"SAM PLT (BLR, BMP, 9K38).magx -> SAM PLT (BLR, BMP, 9K38)",yes
"SAM PLT (CHN, HQ-16)","SAM PLT (CHN, HQ-16).entity",AggregateTacticalLevel,11:1:45:3:11:0:0,3:11:1:45:3:11:0:0,UNIT,CHN,45,CH,PLT,PLT,AirDefenseArtillery,0,0,Unit Air Defense Land,SAM,True,0,,"PLT, ADA HQ-16 PLA.magx -> PLT, ADA HQ-16 PLA",yes
"SAM PLT (LTU, Boxer, Grom)","SAM PLT (LTU, Boxer, Grom).entity",AggregateTacticalLevel,11:1:255:3:11:0:18,3:11:1:255:3:11:0:18,UNIT,LTU,255,LT,PLT,PLT,AirDefenseArtillery,0,18,Unit Air Defense Ground Vehicle,SAM,True,0,,"SAM PLT (LTU, Boxer, Grom).magx -> SAM PLT (LTU, Boxer, Grom)",yes
"SAM PLT (LTU, M113, Grom)","SAM PLT (LTU, M113, Grom).entity",AggregateTacticalLevel,11:1:255:3:11:0:113,3:11:1:255:3:11:0:113,UNIT,LTU,255,LT,PLT,PLT,AirDefenseArtillery,0,113,Unit Air Defense Ground Vehicle,SAM,True,0,,"SAM PLT (POL, M113, Grom).magx -> SAM PLT (POL, M113, Grom)",yes
"SAM PLT (POL, Borsuk, Grom)","SAM PLT (POL, Borsuk, Grom).entity",AggregateTacticalLevel,11:1:175:3:11:0:0,3:11:1:175:3:11:0:0,UNIT,POL,175,PL,PLT,PLT,AirDefenseArtillery,0,0,Unit Air Defense Ground Vehicle,SAM,True,0,,"SAM PLT (POL, Borsuk, Grom).magx -> SAM PLT (POL, Borsuk, Grom)",yes
"SAM PLT (POL, Rosomak, Grom)","SAM PLT (POL, Rosomak, Grom).entity",AggregateTacticalLevel,11:1:175:3:11:0:18,3:11:1:175:3:11:0:18,UNIT,POL,175,PL,PLT,PLT,AirDefenseArtillery,0,18,Unit Air Defense Ground Vehicle,SAM,True,0,,"SAM PLT (POL, Rosomak, Grom).magx -> SAM PLT (POL, Rosomak, Grom)",yes
"SAM PLT (RUS, 9K35 SA-13)","SAM PLT (RUS, 9K35 SA-13).entity",AggregateTacticalLevel,11:1:260:3:11:0:13,3:11:1:260:3:11:0:13,UNIT,RUS,260,RU,PLT,PLT,AirDefenseArtillery,0,13,Unit Air Defense Ground Vehicle,SA-13,True,0,,"SAM PLT (RUS, 9K35).magx -> SAM PLT (RUS, 9K35)",yes
"SAM PLT (RUS, BMP, 9K333 SA-29)","SAM PLT (RUS, BMP, 9K333 SA-29).entity",AggregateTacticalLevel,11:1:260:3:11:0:1,3:11:1:260:3:11:0:1,UNIT,RUS,260,RU,PLT,PLT,AirDefenseArtillery,0,1,Unit Air Defense Ground Vehicle,SAM,True,0,,"SAM PLT (RU, BMP, 9K333).magx -> SAM PLT (RU, BMP, 9K333)",yes
"SAM PLT (RUS, MT-LB, 9K333 SA-29)","SAM PLT (RUS, MT-LB, 9K333 SA-29).entity",AggregateTacticalLevel,11:1:260:3:11:0:2,3:11:1:260:3:11:0:2,UNIT,RUS,260,RU,PLT,PLT,AirDefenseArtillery,0,2,Unit Air Defense Ground Vehicle,SAM,True,0,,"SAM PLT (RU, MT-LB, 9K333).magx -> SAM PLT (RU, MT-LB, 9K333)",yes
SP ARTY HQ BTY (POL),SP ARTY HQ BTY (POL).entity,AggregateTacticalLevel,11:1:175:4:8:1:0,3:11:1:175:4:8:1:0,UNIT,POL,175,PL,BTY,BTY,SelfPropelledArtillery,1,0,Unit Artillery Ground Vehicle,SP HQ,True,0,,SP ARTY HQ BTY (POL).magx -> SP ARTY HQ BTY (POL),yes
SP ARTY HQ BTY (RUS),SP ARTY HQ BTY (RUS).entity,AggregateTacticalLevel,11:1:260:4:8:1:126,3:11:1:260:4:8:1:126,UNIT,RUS,260,PL,BTY,BTY,SelfPropelledArtillery,1,126,Unit Artillery Ground Vehicle,SP HQ,True,0,,SP ARTY BTY (RUS).magx -> SP ARTY BTY (RUS),yes
"SP AT CO (RUS, 2S25)","SP AT CO (RUS, 2S25).entity",AggregateTacticalLevel,11:1:260:5:12:0:11,3:11:1:260:5:12:0:11,UNIT,RUS,260,RU,CO,CO,AntiTank,0,11,Unit Antitank Ground Vehicle,AT,True,0,,"SP AT CO (RU, 2S25).magx -> SP AT CO (RU, 2S25)",yes
"SP ATGM PLT (POL, Rosomak-S)","SP ATGM PLT (POL, Rosomak-S).entity",AggregateTacticalLevel,11:1:175:3:12:0:0,3:11:1:175:3:12:0:0,UNIT,POL,175,PL,PLT,PLT,AntiTank,0,0,Unit Antitank Ground Vehicle,MORT,True,0,,"SP ATGM PLT (POL, Rosomak-S).magx -> SP ATGM PLT (POL, Rosomak-S)",yes
"SP Artillery BN (BLR, 2S5)","SP Artillery BN (BLR, 2S5).entity",AggregateTacticalLevel,11:1:246:6:8:1:152,3:11:1:246:6:8:1:152,UNIT,BLR,246,BY,BN,BTY,SelfPropelledArtillery,1,152,Unit Artillery,SP FA,True,0,,"SP Artillery BN (BLR, 2S5).magx -> SP Artillery BN (BLR, 2S5)",yes
"SP Artillery BN (LTU, PzH)","SP Artillery BN (LTU, PzH).entity",AggregateTacticalLevel,11:1:255:6:8:1:0,3:11:1:255:6:8:1:0,UNIT,LTU,255,LT,BN,BTY,SelfPropelledArtillery,1,0,Unit Artillery Ground Vehicle,FA,True,0,,"SP Artillery BN (LTU, PzH).magx -> SP Artillery BN (LTU, PzH)",yes
"SP Artillery BN (POL, 2S1)","SP Artillery BN (POL, 2S1).entity",AggregateTacticalLevel,11:1:175:6:8:1:0,3:11:1:175:6:8:1:0,UNIT,POL,175,PL,BN,BN,SelfPropelledArtillery,1,0,Unit Artillery Ground Vehicle,FA,True,0,,"SP Artillery BN (POL, 2S1)_0.magx -> SP Artillery BN (POL, 2S1)_0",yes
"SP Artillery BN (POL, DANA)","SP Artillery BN (POL, DANA).entity",AggregateTacticalLevel,11:1:175:6:8:1:8,3:11:1:175:6:8:1:8,UNIT,POL,175,PL,BN,BN,SelfPropelledArtillery,1,8,Unit Artillery Ground Vehicle,FA,True,0,,"SP Artillery BN (POL, DANA).magx -> SP Artillery BN (POL, DANA)",yes
"SP Artillery BN (POL, K9)","SP Artillery BN (POL, K9).entity",AggregateTacticalLevel,11:1:175:6:8:1:156,3:11:1:175:6:8:1:156,UNIT,POL,175,PL,BN,BN,SelfPropelledArtillery,1,156,Unit Artillery Ground Vehicle,FA,True,0,,"SP Artillery BN (POL, K9).magx -> SP Artillery BN (POL, K9)",yes
"SP Artillery BN (RUS, 2S1)","SP Artillery BN (RUS, 2S1).entity",AggregateTacticalLevel,11:1:260:6:8:1:4,3:11:1:260:6:8:1:4,UNIT,RUS,260,RU,BN,BN,SelfPropelledArtillery,1,4,Unit Artillery Ground Vehicle,FA,True,0,,"SP Artillery BN (RUS, 2S1).magx -> SP Artillery BN (RUS, 2S1)",yes
"SP Artillery BN (RUS, 2S19)","SP Artillery BN (RUS, 2S19).entity",AggregateTacticalLevel,11:1:260:6:8:1:152,3:11:1:260:6:8:1:152,UNIT,RUS,260,RU,BN,BN,SelfPropelledArtillery,1,152,Unit Artillery Ground Vehicle,FA,True,0,,"SP Artillery BN (RUS, 152mm).magx -> SP Artillery BN (RUS, 152mm)",yes
"SP Artillery BN PA (LTU, PzH)","SP Artillery BN PA (LTU, PzH).entity",AggregateTacticalLevel,11:1:255:6:8:1:127,3:11:1:255:6:8:1:127,CONTAINER,LTU,255,LT,BN,BN,SelfPropelledArtillery,1,127,Echelon Group Artillery Ground Vehicle,FA,True,5,"HQ: SP ARTY HQ BTY (POL); FIRES x3: SP Artillery BTY (LTU, PzH); SPT: Logistics CO (LTU)","SP Howitzer BN PA (LTU, PzH).magx -> SP Howitzer BN PA (LTU, PzH)",yes
"SP Artillery BTY (LTU, DANA)","SP Artillery BTY (LTU, DANA).entity",AggregateTacticalLevel,11:1:255:4:8:0:9,3:11:1:255:4:8:0:9,UNIT,LTU,255,LT,BTY,BTY,SelfPropelledArtillery,0,9,Unit Artillery Ground Vehicle,FA,True,0,,"SP Artillery BTY (LTU, DANA).magx -> SP Artillery BTY (LTU, DANA)",yes
"SP Artillery BTY (LTU, PzH)","SP Artillery BTY (LTU, PzH).entity",AggregateTacticalLevel,11:1:255:4:8:0:0,3:11:1:255:4:8:0:0,UNIT,LTU,255,LT,BTY,BTY,SelfPropelledArtillery,0,0,Unit Artillery Ground Vehicle,FA,True,0,,"SP Artillery BTY (LTU, PzH).magx -> SP Artillery BTY (LTU, PzH)",yes
"SP Artillery RGT PA (RUS, 2S19)","SP Artillery RGT PA (RUS, 2S19).entity",AggregateTacticalLevel,11:1:260:7:8:1:127,3:11:1:260:7:8:1:127,CONTAINER,RUS,260,RU,RGT,RGT,SelfPropelledArtillery,1,127,Echelon Group Artillery Ground Vehicle,FA,True,8,"HQ: SP ARTY HQ BTY (RUS); FIRES x2: SP Artillery BN (RUS, 2S19); MRL: MRL Battalion (RUS, BM-21); SPT: Materiel Support CO (RUS); MAINT: Maintenance CO (RUS); CBRN: Chemical Defense Platoon (RUS); MED: Medical PLT (RUS)","SP Artillery RGT PA (RUS, 2S19).magx -> SP Artillery RGT PA (RUS, 2S19)",yes
"SP Howitzer BN PA (RUS, 2S19)","SP Howitzer BN PA (RUS, 2S19).entity",AggregateTacticalLevel,11:1:260:6:8:1:127,3:11:1:260:6:8:1:127,CONTAINER,RUS,260,RU,BN,BN,SelfPropelledArtillery,1,127,Echelon Group Artillery Ground Vehicle,FA,True,5,"HQ: SP ARTY HQ BTY (RUS); FIRES x3: SP Howitzer BTY (RUS, 152mm); SPT: Service and Supply PLT (RUS, MECH)","SP Howitzer BN PA (RUS, 2S19).magx -> SP Howitzer BN PA (RUS, 2S19)",yes
"SP Howitzer BTY (BLR, 2S5)","SP Howitzer BTY (BLR, 2S5).entity",AggregateTacticalLevel,11:1:246:4:8:0:152,3:11:1:246:4:8:0:152,UNIT,BLR,246,BY,BTY,BTY,SelfPropelledArtillery,0,152,Unit Artillery,SP FA,True,0,,"SP Howitzer BTY (BLR, 2S5).magx -> SP Howitzer BTY (BLR, 2S5)",yes
"SP Howitzer BTY (POL, K9)","SP Howitzer BTY (POL, K9).entity",AggregateTacticalLevel,11:1:175:4:8:0:155,3:11:1:175:4:8:0:155,UNIT,POL,175,PL,BTY,BTY,SelfPropelledArtillery,0,155,Unit Artillery Ground Vehicle,FA,True,0,,"SP Howitzer BTY (POL, K9).magx -> SP Howitzer BTY (POL, K9)",yes
"SP Howitzer BTY (RUS, 122mm)","SP Howitzer BTY (RUS, 122mm).entity",AggregateTacticalLevel,11:1:260:4:8:0:64,3:11:1:260:4:8:0:64,UNIT,RUS,260,RU,BTY,BTY,SelfPropelledArtillery,0,64,Unit Artillery,SP FA,True,0,,"SP Howitzer BTY (RU, 122mm).magx -> SP Howitzer BTY (RU, 122mm)",yes
"SP Howitzer BTY (RUS, 152mm)","SP Howitzer BTY (RUS, 152mm).entity",AggregateTacticalLevel,11:1:260:4:8:0:96,3:11:1:260:4:8:0:96,UNIT,RUS,260,RU,BTY,BTY,SelfPropelledArtillery,0,96,Unit Artillery,SP FA,True,0,,"SP Howitzer BTY (RUS, 152mm).magx -> SP Howitzer BTY (RUS, 152mm)",yes
"SP Mortar BTY (RUS, 2S42)","SP Mortar BTY (RUS, 2S42).entity",AggregateTacticalLevel,11:1:260:4:8:0:11,3:11:1:260:4:8:0:11,UNIT,RUS,260,RU,BTY,BTY,SelfPropelledArtillery,0,11,Unit Mortar Ground Vehicle,SP MORT,True,0,,"SP Mortar BTY (RU, 2S42).magx -> SP Mortar BTY (RU, 2S42)",yes
"SP Mortar PLT (DEU, M113)","SP Mortar PLT (DEU, M113).entity",AggregateTacticalLevel,11:1:78:3:7:0:120,3:11:1:78:3:7:0:120,UNIT,DEU,78,DE,PLT,PLT,Artillery,0,120,Unit Mortar Ground Vehicle,MORT,True,0,,"SP Mortar PLT (DEU, M113).magx -> SP Mortar PLT (DEU, M113)",yes
"SP Mortar PLT (POL, M120)","SP Mortar PLT (POL, M120).entity",AggregateTacticalLevel,11:1:175:3:7:0:120,3:11:1:175:3:7:0:120,UNIT,POL,175,PL,PLT,PLT,Artillery,0,120,Unit Mortar Ground Vehicle,MORT,True,0,,"SP Mortar PLT (POL, M120).magx -> SP Mortar PLT (POL, M120)",yes
SU-24,SU-24.entity,AggregateTacticalLevel,11:2:260:19:2:2:7,3:11:2:260:19:2:2:7,AIR-UNIT,RUS,260,RU,cat19,,Armor,2,7,Unit Aircraft Fixed Wing,SU-24,True,0,,SU-24.magx -> SU-24,yes
SU-25 2-Ship,SU-25 2-Ship.entity,AggregateTacticalLevel,11:2:260:19:1:2:8,3:11:2:260:19:1:2:8,AIR-UNIT,RUS,260,RU,cat19,,CavalryTroop,2,8,Unit Aircraft Fixed Wing,SU-35 x2,True,0,,SU-25 2-Ship.magx -> SU-25 2-Ship,yes
SU-27 2-Ship,SU-27 2-Ship.entity,AggregateTacticalLevel,11:2:260:19:1:3:0,3:11:2:260:19:1:3:0,AIR-UNIT,RUS,260,RU,cat19,,CavalryTroop,3,0,Unit Aircraft Fixed Wing,SU-27 x2,True,0,,SU-27 2-Ship.magx -> SU-27 2-Ship,yes
SU-30 2-Ship,SU-30 2-Ship.entity,AggregateTacticalLevel,11:2:260:19:1:19:7,3:11:2:260:19:1:19:7,AIR-UNIT,RUS,260,RU,cat19,,CavalryTroop,19,7,Unit Aircraft Fixed Wing,SU-30 x2,True,0,,SU-30 2-Ship.magx -> SU-30 2-Ship,yes
SU-34 2-Ship,SU-34 2-Ship.entity,AggregateTacticalLevel,11:2:260:19:2:2:13,3:11:2:260:19:2:2:13,AIR-UNIT,RUS,260,RU,cat19,,Armor,2,13,Unit Aircraft Fixed Wing,SU-34 x2,True,0,,SU-34 2-Ship.magx -> SU-34 2-Ship,yes
SU-35 2-Ship,SU-35 2-Ship.entity,AggregateTacticalLevel,11:2:260:19:1:2:7,3:11:2:260:19:1:2:7,AIR-UNIT,RUS,260,RU,cat19,,CavalryTroop,2,7,Unit Aircraft Fixed Wing,SU-35 x2,True,0,,SU-35 2-Ship.magx -> SU-35 2-Ship,yes
"Scout PLT (US, M3)","Scout PLT (US, M3).entity",AggregateTacticalLevel,11:1:225:3:6:0:0,3:11:1:225:3:6:0:0,UNIT,USA,225,,PLT,PLT,ArmoredCavalry,0,0,Unit Ground Vehicle Armor Reconnaissance,SCT,True,0,,,yes
Service and Supply PLT (RUS),Service and Supply PLT (RUS).entity,AggregateTacticalLevel,11:1:260:3:31:0:0,3:11:1:260:3:31:0:0,UNIT,RUS,260,RU,PLT,PLT,(ext 31),0,0,Unit Ground Vehicle Logistics,SPT,True,0,,Service and Supply PLT (RU).magx -> Service and Supply PLT (RU),yes
"Service and Supply PLT (RUS, MECH)","Service and Supply PLT (RUS, MECH).entity",AggregateTacticalLevel,11:1:260:3:31:0:4,3:11:1:260:3:31:0:4,UNIT,RUS,260,RU,PLT,PLT,(ext 31),0,4,Unit Ground Vehicle Logistics,SPT,True,0,,"Service and Supply PLT (RUS, MECH).magx -> Service and Supply PLT (RUS, MECH)",yes
"Destroyer, Type 052D","Ship, 052D.entity",AggregateTacticalLevel,11:3:45:1:4:8:0,3:11:3:45:1:4:8:0,UNIT,CHN,45,CH,VEH,,MechanizedInfantry,8,0,Naval Watercraft,052D,True,0,,"Ship, 052D.magx -> Ship, 052D",yes
"Ship, Cargo","Ship, Cargo.entity",AggregateTacticalLevel,11:3:129:1:81:0:0,3:11:3:129:1:81:0:0,UNIT,C129,129,AL,VEH,,(ext 81),0,0,Unit Watercraft,Cargo,True,0,,,yes
"Ship, Slava Class","Ship, Slava Class.entity",AggregateTacticalLevel,11:3:222:1:3:1:0,3:11:3:222:1:3:1:0,UNIT,RUS222,222,RU,VEH,,Infantry,1,0,Unit  Watercraft,RKR,True,0,,,yes
LHD Wasp,Ship_LHD_Wasp.entity,AggregateTacticalLevel,11:3:225:1:54:3:0,3:11:3:225:1:54:3:0,UNIT,USA,225,US,VEH,,(ext 54),3,0,Naval Watercraft,LHD,True,0,,Ship_LHD_Wasp.magx -> Ship_LHD_Wasp,yes
Destroyer,Ship_US DDG_Arleigh Burke.entity,AggregateTacticalLevel,11:3:225:1:8:1:0,3:11:3:225:1:8:1:0,UNIT,USA,225,US,VEH,,SelfPropelledArtillery,1,0,Unit  Watercraft,DDG,True,0,,,yes
Signal BN (RUS),Signal BN (RUS).entity,AggregateTacticalLevel,11:1:260:6:21:1:0,3:11:1:260:6:21:1:0,UNIT,RUS,260,RU,BN,BN,CEWI,1,0,Unit Ground Vehicle Signal,SIGNAL,True,0,,Signal BN (RUS).magx -> Signal BN (RUS),yes
Signal CO (RUS),Signal CO (RUS).entity,AggregateTacticalLevel,11:1:260:5:21:0:0,3:11:1:260:5:21:0:0,UNIT,RUS,260,RU,CO,CO,CEWI,0,0,Unit Ground Vehicle Signal,SIGNAL,True,0,,Signal CO (RU).magx -> Signal CO (RU),yes
Sokol Altius,Sokol Altius.entity,AggregateTacticalLevel,11:2:260:9:50:10:0,3:11:2:260:9:50:10:0,AIR-UNIT,RUS,260,RU,DIV,,(ext 50),10,0,Unit Aircraft Fixed Wing,Altair,True,0,,Sokol Altius.magx -> Sokol Altius,yes
"Squadron, ACE PA (USA, USMC)","Squadron, ACE PA (USA, USMC).entity",AggregateTacticalLevel,11:2:-1:4:-1:-1:75,3:11:2:-1:4:-1:-1:75,AIR-CONTAINER,ANY,-1,US,BTY,,(any),-1,75,Aircraft Echelon Group Fixed Wing,ACE,False,10,"- x4: Generic Air Unit; - x3: MV-22 3-Ship; -: ATK Helo PLT PA (USA, AH-1); - x2: V-247 Vigilant",,yes
Stryker  HHT (USA),Stryker  HHT (USA).entity,AggregateTacticalLevel,11:1:225:5:5:1:30,3:11:1:225:5:5:1:30,UNIT,USA,225,US,CO,HHT,Cavalry,1,30,Unit Mechanized Ground Vehicle Cavalry,CAV,True,0,,Stryker  HHT (USA).magx -> Stryker  HHT (USA),yes
Stryker Cavalry PLT (USA),Stryker Cavalry PLT (USA).entity,AggregateTacticalLevel,11:1:225:3:5:0:30,3:11:1:225:3:5:0:30,UNIT,USA,225,US,PLT,PLT,Cavalry,0,30,Unit Mechanized Ground Vehicle Cavalry,CAV,True,0,,Stryker Cavalry PLT (USA).magx -> Stryker Cavalry PLT (USA),yes
Stryker Cavalry SQDN (USA),Stryker Cavalry SQDN (USA).entity,AggregateTacticalLevel,11:1:225:6:5:1:30,3:11:1:225:6:5:1:30,UNIT,USA,225,US,BN,SQDN,Cavalry,1,30,Unit Mechanized Ground Vehicle Cavalry,CAV,True,0,,Stryker Cavalry SQDN (USA).magx -> Stryker Cavalry SQDN (USA),yes
Stryker Cavalry SQDN PA (USA),Stryker Cavalry SQDN PA (USA).entity,AggregateTacticalLevel,11:1:225:6:5:1:127,3:11:1:225:6:5:1:127,CONTAINER,USA,225,US,BN,SQDN,Cavalry,1,127,Echelon Group Mechanized Ground Vehicle,CAV,True,5,HQ: Stryker  HHT (USA); MECH x3: Stryker Cavalry TRP (USA); SPT: CSS CO (USA),Stryker Cavalry SQDN PA (USA).magx -> Stryker Cavalry SQDN PA (USA),yes
Stryker Cavalry TRP (USA),Stryker Cavalry TRP (USA).entity,AggregateTacticalLevel,11:1:225:5:5:0:30,3:11:1:225:5:5:0:30,UNIT,USA,225,US,CO,TRP,Cavalry,0,30,Unit Mechanized Ground Vehicle Cavalry,CAV,True,0,,Stryker Cavalry TRP (USA).magx -> Stryker Cavalry TRP (USA),yes
"Sub, Lada Class","Sub, Lada Class.entity",AggregateTacticalLevel,11:4:260:1:5:9:0,3:11:4:260:1:5:9:0,UNIT,RUS,260,,VEH,,Cavalry,9,0,Unit  Watercraft,SS,True,0,,,yes
"Sub, Type 93","Sub, Type 93.entity",AggregateTacticalLevel,11:4:45:1:3:4:1,3:11:4:45:1:3:4:1,UNIT,CHN,45,US,VEH,,Infantry,4,1,Naval Unit Watercraft,SSN Shang,True,0,,,yes
"Sub, Virginia Class","Sub, Virginia Class.entity",AggregateTacticalLevel,11:4:225:1:3:4:0,3:11:4:225:1:3:4:0,UNIT,USA,225,US,VEH,,Infantry,4,0,Naval,SSN,True,0,,"Sub, Virginia Class.magx -> Sub, Virginia Class",yes
Supply CO (DEU),Supply CO (DEU).entity,AggregateTacticalLevel,11:1:78:5:31:0:0,3:11:1:78:5:31:0:0,UNIT,DEU,78,DE,CO,CO,(ext 31),0,0,Unit Logistics Ground Vehicle,Supply,True,0,,Supply CO (DEU).magx -> Supply CO (DEU),yes
Support BN (RUS),Support BN (RUS).entity,AggregateTacticalLevel,11:1:260:6:31:0:72,3:11:1:260:6:31:0:72,UNIT,RUS,260,RU,BN,BN,(ext 31),0,72,Unit Ground Vehicle Logistics,SPT,True,0,,,yes
"Support CO (POL, M120, Rosomak-S)","Support CO (POL, M120, Rosomak-S).entity",AggregateTacticalLevel,11:1:175:5:7:0:120,3:11:1:175:5:7:0:120,UNIT,POL,175,PL,CO,CO,Artillery,0,120,Unit Mechanized Ground Vehicle Mortar Antitank,SPT,True,0,,"Support CO (POL, M120, Rosomak-S)_0.magx -> Support CO (POL, M120, Rosomak-S)_0",yes
"Tank BDE HQ (RUS, T-90)","Tank BDE HQ (RUS, T-90).entity",AggregateTacticalLevel,11:1:260:5:2:1:126,3:11:1:260:5:2:1:126,UNIT,RUS,260,RU,CO,,Armor,1,126,Unit Mechanized Ground Vehicle,HQ,True,0,,"BDE HQ (RUS, T-90).magx -> BDE HQ (RUS, T-90)",yes
"Tank BN (POL, K2)","Tank BN (POL, K2).entity",AggregateTacticalLevel,11:1:175:6:2:1:0,3:11:1:175:6:2:1:0,UNIT,POL,175,PL,BN,BN,Armor,1,0,Unit Ground Vehicle Tank,TANK,True,0,,"Tank BN (POL, K2).magx -> Tank BN (POL, K2)",yes
"Tank BN HQ (DEU, Leopard)","Tank BN HQ (DEU, Leopard).entity",AggregateTacticalLevel,11:1:78:3:2:1:0,3:11:1:78:3:2:1:0,UNIT,DEU,78,DE,PLT,,Armor,1,0,Unit Ground Vehicle Tank,TANK HQ,True,0,,"Tank BN HQ (DEU, Leopard).magx -> Tank BN HQ (DEU, Leopard)",yes
"Tank BN HQ (POL, K2, Borsuk)","Tank BN HQ (POL, K2, Borsuk).entity",AggregateTacticalLevel,11:1:175:3:2:1:0,3:11:1:175:3:2:1:0,UNIT,POL,175,PL,PLT,CO,Armor,1,0,Unit Ground Vehicle Tank,AR,True,0,,"Tank BN HQ (POL, K2, Borsuk).magx -> Tank BN HQ (POL, K2, Borsuk)",yes
"Tank BN HQ (USA, M1A2)","Tank BN HQ (USA, M1A2).entity",AggregateTacticalLevel,11:1:225:3:2:1:0,3:11:1:225:3:2:1:0,UNIT,USA,225,US,PLT,,Armor,1,0,Unit Ground Vehicle Tank,HQ,True,0,,"Tank BN HQ (USA, M1A2).magx -> Tank BN HQ (USA, M1A2)",yes
"Tank BN PA (DEU, Leopard)","Tank BN PA (DEU, Leopard).entity",AggregateTacticalLevel,11:1:78:6:2:1:0,3:11:1:78:6:2:1:0,CONTAINER,DEU,78,DE,BN,BN,Armor,1,0,Echelon Group Ground Vehicle Tank,TANK,True,5,"HQ: Tank BN HQ (DEU, Leopard); TANK x3: Tank CO (DEU, Leopard); SPT: Supply CO (DEU)","Tank BN PA (DEU, Leopard).magx -> Tank BN PA (DEU, Leopard)",yes
"Tank BN PA (POL, K2)","Tank BN PA (POL, K2).entity",AggregateTacticalLevel,11:1:175:6:2:1:127,3:11:1:175:6:2:1:127,CONTAINER,POL,175,PL,BN,BN,Armor,1,127,Echelon Group Tank Ground Vehicle,TANK,True,8,"HQ: Tank BN HQ (POL, K2, Borsuk); TANK x4: Tank CO (POL, K2); RECON: Recon PLT (POL, BWR-1S); SPT: Logistics CO (POL); MED: Medical SEC (POL, KTO)","Tank BN PA (POL, K2).magx -> Tank BN PA (POL, K2)",yes
"Tank BTF (POL, K2, Borsuk)","Tank BTF (POL, K2, Borsuk).entity",AggregateTacticalLevel,11:1:175:6:17:1:0,3:11:1:175:6:17:1:0,UNIT,POL,175,PL,BN,BN,ArmorHeavyTaskForce,1,0,Unit Ground Vehicle Tank,TANK,True,0,,"Tank BTF (POL, K2, Borsuk).magx -> Tank BTF (POL, K2, Borsuk)",yes
"Tank CO (BLR, T-72)","Tank CO (BLR, T-72).entity",AggregateTacticalLevel,11:1:246:5:2:0:0,3:11:1:246:5:2:0:0,UNIT,BLR,246,BY,CO,CO,Armor,0,0,Unit Ground Vehicle Tank,TANK,True,0,,"Tank CO (BLR, T-72).magx -> Tank CO (BLR, T-72)",yes
"Tank CO (DEU, Leopard)","Tank CO (DEU, Leopard).entity",AggregateTacticalLevel,11:1:78:5:2:0:0,3:11:1:78:5:2:0:0,UNIT,DEU,78,DE,CO,CO,Armor,0,0,Unit Ground Vehicle Tank,TANK,True,0,,"Tank CO (DEU, Leopard).magx -> Tank CO (DEU, Leopard)",yes
"Tank CO (POL, K2)","Tank CO (POL, K2).entity",AggregateTacticalLevel,11:1:175:5:2:0:0,3:11:1:175:5:2:0:0,UNIT,POL,175,PL,CO,CO,Armor,0,0,Unit Ground Vehicle Tank,AR,True,0,,"Tank CO (POL, K2)_0.magx -> Tank CO (POL, K2)_0",yes
"Tank CO (RUS, T-90)","Tank CO (RUS, T-90).entity",AggregateTacticalLevel,11:1:260:5:2:0:64,3:11:1:260:5:2:0:64,UNIT,RUS,260,RU,CO,CO,Armor,0,64,Unit Ground Vehicle Tank,TANK,True,0,,"Tank CO (RU, T-90).magx -> Tank CO (RU, T-90)",yes
"Tank CO (USA, M1A2)","Tank CO (USA, M1A2).entity",AggregateTacticalLevel,11:1:225:5:2:0:0,3:11:1:225:5:2:0:0,UNIT,USA,225,US,CO,CO,Armor,0,0,Unit Ground Vehicle Tank,TANK,True,0,,,yes
"Tank CO PA (USA, M1A2)","Tank CO PA (USA, M1A2).entity",AggregateTacticalLevel,11:1:225:5:2:0:127,3:11:1:225:5:2:0:127,CONTAINER,USA,225,US,CO,CO,Armor,0,127,Echelon Group Tank,TANK,True,4,"HQ: Tank HQ SEC (USA, M1A2); TANK x3: Tank PLT (USA, M1A2)","Tank CO PA (USA, M1A2).magx -> Tank CO PA (USA, M1A2)",yes
"Tank HQ PLT (BLR, T-72)","Tank HQ PLT (BLR, T-72).entity",AggregateTacticalLevel,11:1:246:3:2:1:126,3:11:1:246:3:2:1:126,UNIT,BLR,246,RU,PLT,PLT,Armor,1,126,Unit Ground Vehicle Tank,TANK HQ,True,0,,"Tank HQ PLT (BLR, T-72).magx -> Tank HQ PLT (BLR, T-72)",yes
"Tank HQ PLT (RUS, T-90)","Tank HQ PLT (RUS, T-90).entity",AggregateTacticalLevel,11:1:260:3:2:1:126,3:11:1:260:3:2:1:126,UNIT,RUS,260,RU,PLT,PLT,Armor,1,126,Unit Ground Vehicle Tank,TANK HQ,True,0,,"Tank HQ PLT (RU, T-90).magx -> Tank HQ PLT (RU, T-90)",yes
"TANK HQ SEC (USA, M1A2)","Tank HQ SEC (USA, M1A2).entity",AggregateTacticalLevel,11:1:225:14:2:1:2,3:11:1:225:14:2:1:2,UNIT,USA,225,US,SEC,SEC,Armor,1,2,Unit Ground Vehicle Tank,HQ,True,0,,,yes
"Tank PLT (GBR, Challenger)","Tank PLT (GBR, Challenger).entity",AggregateTacticalLevel,11:1:224:3:2:0:0,3:11:1:224:3:2:0:0,UNIT,GBR,224,GB,PLT,PLT,Armor,0,0,Unit Ground Vehicle Tank,TANK,True,0,,"Tank PLT (GBR, Challenger).magx -> Tank PLT (GBR, Challenger)",yes
"TANK PLT (US, M1A2)","Tank PLT (USA, M1A2).entity",AggregateTacticalLevel,11:1:225:3:2:0:1,3:11:1:225:3:2:0:1,UNIT,USA,225,US,PLT,PLT,Armor,0,1,Unit Ground Vehicle Tank,TANK,True,0,,,yes
"Tank TRP (GBR, Challenger)","Tank TRP (GBR, Challenger).entity",AggregateTacticalLevel,11:1:224:5:6:0:2,3:11:1:224:5:6:0:2,UNIT,GBR,224,GB,CO,TRP,ArmoredCavalry,0,2,Unit Ground Vehicle Tank,TANK,True,0,,"Tank TRP (GBR, Challenger).magx -> Tank TRP (GBR, Challenger)",yes
Target Acquisition BN (RUS),Target Acquisition BN (RUS).entity,AggregateTacticalLevel,11:1:260:6:8:0:31,3:11:1:260:6:8:0:31,UNIT,RUS,260,RU,BN,BN,SelfPropelledArtillery,0,31,Unit Artillery Ground Vehicle,FA TGT,True,0,,Target Acquisition BN (RUS).magx -> Target Acquisition BN (RUS),yes
Target Acquisition BTY (RUS),Target Acquisition BTY (RUS).entity,AggregateTacticalLevel,11:1:260:4:8:0:30,3:11:1:260:4:8:0:30,UNIT,RUS,260,RU,BTY,BTY,SelfPropelledArtillery,0,30,Unit Artillery Ground Vehicle,FA TGT,True,0,,Target Acquisition BTY (RUS).magx -> Target Acquisition BTY (RUS),yes
"Technical Support CO (RUS, BREM)","Technical Support CO (RUS, BREM).entity",AggregateTacticalLevel,11:1:260:5:31:0:11,3:11:1:260:5:31:0:11,UNIT,RUS,260,RU,CO,CO,(ext 31),0,11,Unit Ground Vehicle Logistics,SPT,True,0,,"Technical Support CO (RU, BREM).magx -> Technical Support CO (RU, BREM)",yes
Transport CO (RUS),Transport CO (RUS).entity,AggregateTacticalLevel,11:1:260:5:31:0:8,3:11:1:260:5:31:0:8,UNIT,RUS,260,RU,CO,CO,(ext 31),0,8,Unit Ground Vehicle Transport,Motor,True,0,,Transport CO (RU).magx -> Transport CO (RU),yes
Type 22 Missile Boat,Type 22 Missile Boat.entity,AggregateTacticalLevel,11:3:45:1:7:8:1,3:11:3:45:1:7:8:1,UNIT,CHN,45,,VEH,,Artillery,8,1,Naval Unit Watercraft,022,True,0,,,yes
Type 54A Frigate,Type 54A Frigate.entity,AggregateTacticalLevel,11:3:45:1:5:8:0,3:11:3:45:1:5:8:0,UNIT,CHN,45,,VEH,,Cavalry,8,0,Naval Unit Watercraft,054A,True,0,,,yes
Type 56 Corvette,Type 56 Corvette.entity,AggregateTacticalLevel,11:3:45:1:6:8:0,3:11:3:45:1:6:8:0,UNIT,CHN,45,,VEH,,ArmoredCavalry,8,0,Naval Unit Watercraft,056,True,0,,,yes
"UAV Altair x8 FLT (RUS, Altair)","UAV Altair x8 FLT (RUS, Altair).entity",AggregateTacticalLevel,11:2:260:3:50:1:1,3:11:2:260:3:50:1:1,CONTAINER,RUS,260,,PLT,SQN,(ext 50),1,1,Echelon Group,CAV,True,8,- x8: Sokol Altius,"UAV Altair x8 FLT (RUS, Altair).magx -> UAV Altair x8 FLT (RUS, Altair)",yes
UAV MQ-27 ScanEagle,UAV MQ-27 ScanEagle.entity,AggregateTacticalLevel,11:2:225:9:50:25:1,3:11:2:225:9:50:25:1,AIR-UNIT,USA,225,US,DIV,,(ext 50),25,1,Unit Aircraft Fixed Wing,MQ-27,True,0,,UAV MQ-27 ScanEagle.magx -> UAV MQ-27 ScanEagle,yes
V-247 Vigilant,V-247 Vigilant.entity,AggregateTacticalLevel,11:2:225:9:50:99:0,3:11:2:225:9:50:99:0,AIR-UNIT,USA,225,US,DIV,,(ext 50),99,0,Unit Aircraft Reconnaissance Fixed Wing,V-247,True,0,,V-247 Vigilant.magx -> V-247 Vigilant,yes
"Weapons PLT (CHN, ZBL)","Weapons PLT (CHN, ZBL).entity",AggregateTacticalLevel,11:1:45:3:4:0:78,3:11:1:45:3:4:0:78,UNIT,CHN,45,CH,PLT,PLT,MechanizedInfantry,0,78,Unit Infantry Land,WEAP,True,0,,,yes
"Weapons PLT (USA, USMC)","Weapons PLT (USA, USMC).entity",AggregateTacticalLevel,11:1:225:3:3:0:77,3:11:1:225:3:3:0:77,UNIT,USA,225,US,PLT,PLT,Infantry,0,77,Unit Infantry Land,WEAP,True,0,,Weapons PLT USMC.magx -> Weapons PLT USMC,yes
YAK-130  2-Ship,YAK-130.entity,AggregateTacticalLevel,11:2:260:19:1:40:4,3:11:2:260:19:1:40:4,AIR-UNIT,RUS,260,BY RU,cat19,,CavalryTroop,40,4,Unit Aircraft Fixed Wing,YAK-130 x2,True,0,,YAK-130.magx -> YAK-130,yes
Air Squadron,Air Squadron.entity,AggregateLevelBase,11:2:-1:4:-1:-1:-1,3:11:2:-1:4:-1:-1:-1,AIR-CONTAINER,ANY,-1,,BTY,Sqn,(any),-1,-1,Echelon Group,SQN,False,0,,,yes
BDE CSS,BDE CSS.entity,AggregateLevelBase,11:1:-1:8:31:1:1,3:11:1:-1:8:31:1:1,CONTAINER,ANY,-1,,BDE,BDE,(ext 31),1,1,Echelon Group,SUST,False,0,,,yes
BDE,BDE Light Infantry.entity,AggregateLevelBase,11:1:-1:8:3:1:1,3:11:1:-1:8:3:1:1,CONTAINER,ANY,-1,,BDE,BDE,Infantry,1,1,Echelon Group,Light Infantry,False,0,,,yes
BDE SP ARTY PA,BDE SP ARTY PA.entity,AggregateLevelBase,11:1:-1:8:8:129:-1,3:11:1:-1:8:8:129:-1,CONTAINER,ANY,-1,,BDE,BDE,SelfPropelledArtillery,129,-1,Echelon Group,FA,False,0,,,yes
"BDE, ADA","BDE, ADA.entity",AggregateLevelBase,11:1:-1:8:11:1:-1,3:11:1:-1:8:11:1:-1,CONTAINER,ANY,-1,,BDE,BDE,AirDefenseArtillery,1,-1,Echelon Group,ADA,False,0,,,yes
"BDE, Air Cavalry","BDE, Air Cavalry.entity",AggregateLevelBase,11:2:-1:8:16:1:-1,3:11:2:-1:8:16:1:-1,CONTAINER,ANY,-1,,BDE,BDE,AirCavalry,1,-1,Echelon Group,Air Cavalry,False,0,,,yes
"BDE, Armor","BDE, Armor.entity",AggregateLevelBase,11:1:-1:8:2:1:-1,3:11:1:-1:8:2:1:-1,CONTAINER,ANY,-1,,BDE,BDE,Armor,1,-1,Echelon Group,Armor,False,0,,,yes
"BDE, Artillery","BDE, Artillery.entity",AggregateLevelBase,11:1:-1:8:7:1:-1,3:11:1:-1:8:7:1:-1,CONTAINER,ANY,-1,,BDE,BDE,Artillery,1,-1,Echelon Group,Artillery,False,0,,,yes
"BDE, Combat AVN","BDE, Combat AVN.entity",AggregateLevelBase,11:2:-1:8:14:1:-1,3:11:2:-1:8:14:1:-1,CONTAINER,ANY,-1,,BDE,BDE,ArmyAviationRotaryWing,1,-1,Echelon Group,Combat AVN,False,0,,,yes
"BDE, Engineer","BDE, Engineer.entity",AggregateLevelBase,11:1:-1:8:10:1:-1,3:11:1:-1:8:10:1:-1,CONTAINER,ANY,-1,,BDE,BDE,Engineer,1,-1,Echelon Group,Engineer,False,0,,,yes
"BDE, Mech Infantry","BDE, Mech Infantry.entity",AggregateLevelBase,11:1:-1:8:4:1:-1,3:11:1:-1:8:4:1:-1,CONTAINER,ANY,-1,,BDE,BDE,MechanizedInfantry,1,-1,Echelon Group,Mech Infantry,False,0,,,yes
"BDE, Motorized Rifle","BDE, Motorized Rifle.entity",AggregateLevelBase,11:1:-1:8:18:1:-1,3:11:1:-1:8:18:1:-1,CONTAINER,ANY,-1,,BDE,BDE,MotorizedRifle,1,-1,Echelon Group,Motorized Rifle,False,0,,,yes
"BDE, Reconnaissance","BDE, Reconnaissance.entity",AggregateLevelBase,11:1:-1:8:30:-1:-1,3:11:1:-1:8:30:-1:-1,CONTAINER,ANY,-1,,BDE,BDE,(ext 30),-1,-1,Echelon Group,Recon,False,0,,,yes
"BDE, SP Artillery","BDE, SP Artillery.entity",AggregateLevelBase,11:1:-1:8:8:1:-1,3:11:1:-1:8:8:1:-1,CONTAINER,ANY,-1,,BDE,BDE,SelfPropelledArtillery,1,-1,Artillery Echelon Group,Artillery,False,0,,,yes
"BN, ADA","BN, ADA.entity",AggregateLevelBase,11:1:-1:6:11:1:-1,3:11:1:-1:6:11:1:-1,CONTAINER,ANY,-1,,BN,BN,AirDefenseArtillery,1,-1,Echelon Group,ADA,False,0,,,yes
"BN, Artillery","BN, Artillery.entity",AggregateLevelBase,11:1:-1:6:7:1:-1,3:11:1:-1:6:7:1:-1,CONTAINER,ANY,-1,,BN,BN,Artillery,1,-1,Echelon Group,Artillery,False,0,,,yes
"BN, Attack RWA","BN, Attack.entity",AggregateLevelBase,11:2:-1:6:15:1:-1,3:11:2:-1:6:15:1:-1,CONTAINER,ANY,-1,,BN,BN,ArmyAttackHelicopter,1,-1,Echelon Group,Attack RWA,False,0,,,yes
"BN, Combat Service Support","BN, CSS PA.entity",AggregateLevelBase,11:1:-1:6:31:1:-1,3:11:1:-1:6:31:1:-1,CONTAINER,ANY,-1,,BN,BN,(ext 31),1,-1,Echelon Group Logistics,SPT,False,0,,,yes
"BN, Engineer","BN, Engineer.entity",AggregateLevelBase,11:1:-1:6:10:1:-1,3:11:1:-1:6:10:1:-1,CONTAINER,ANY,-1,,BN,BN,Engineer,1,-1,Echelon Group,Engineer,False,0,,,yes
"BN, Mech Infantry","BN, Mechanized Infantry.entity",AggregateLevelBase,11:1:-1:6:4:1:-1,3:11:1:-1:6:4:1:-1,CONTAINER,ANY,-1,,BN,BN,MechanizedInfantry,1,-1,Echelon Group,MECH,False,0,,,yes
"BN, Motorized Rifle","BN, Motorized Rifle.entity",AggregateLevelBase,11:1:-1:6:18:1:-1,3:11:1:-1:6:18:1:-1,CONTAINER,ANY,-1,,BN,BN,MotorizedRifle,1,-1,Echelon Group,Motorized Rifle,False,0,,,yes
"BN, Support AVN","BN, Support AVN.entity",AggregateLevelBase,11:2:-1:6:14:1:1,3:11:2:-1:6:14:1:1,CONTAINER,ANY,-1,,BN,BN,ArmyAviationRotaryWing,1,1,Echelon Group,Support AVN,False,0,,,yes
"BN, Armor",BN_Armor.entity,AggregateLevelBase,11:1:-1:6:2:1:-1,3:11:1:-1:6:2:1:-1,CONTAINER,ANY,-1,,BN,BN,Armor,1,-1,Echelon Group,Armor,False,0,,,NO -> BN_Armor
"BN, Light Infantry",BN_Light Infantry.entity,AggregateLevelBase,11:1:-1:6:3:1:-1,3:11:1:-1:6:3:1:-1,CONTAINER,ANY,-1,,BN,BN,Infantry,1,-1,Echelon Group,Light Infantry,False,0,,,yes
"BN, Air Assault",BN_RWA.entity,AggregateLevelBase,11:2:-1:6:14:1:-1,3:11:2:-1:6:14:1:-1,CONTAINER,ANY,-1,,BN,BN,ArmyAviationRotaryWing,1,-1,Echelon Group,AASLT,False,0,,,yes
"BTY, ADA","BTY, ADA.entity",AggregateLevelBase,11:1:0:4:11:0:127,3:11:1:0:4:11:0:127,CONTAINER,GENERIC0,0,RU,BTY,BTY,AirDefenseArtillery,0,127,Air Defense Echelon Group Ground Vehicle,ADA,False,0,,,yes
Civilian BN,CIV BN.entity,AggregateLevelBase,11:1:-1:6:34:1:-1,3:11:1:-1:6:34:1:-1,CONTAINER,ANY,-1,,BN,BN,(ext 34),1,-1,Unit Echelon,CIV,True,3,- x3: Civilian CO,,yes
Civilian Aircraft,Civilian Aircraft.entity,AggregateLevelBase,11:2:-1:1:13:0:6,3:11:2:-1:1:13:0:6,AIR-UNIT,ANY,-1,,VEH,,ArmyAviationFixedWing,0,6,Aircraft Fixed Wing Unit,CivAir,True,0,,,yes
Civilian BDE,Civilian BDE.entity,AggregateLevelBase,11:1:-1:8:34:1:1,3:11:1:-1:8:34:1:1,CONTAINER,ANY,-1,,BDE,BDE,(ext 34),1,1,Unit Echelon,CIV,True,3,- x3: CIV BN,,yes
Civilian CO,Civilian CO.entity,AggregateLevelBase,11:1:206:5:34:1:3,3:11:1:206:5:34:1:3,UNIT,C206,206,,CO,CO,(ext 34),1,3,Ground Vehicle Infantry Unit,CIV,True,0,,,yes
"Corps, Army","Corps, Army.entity",AggregateLevelBase,11:1:-1:10:-1:-1:-1,3:11:1:-1:10:-1:-1:-1,CONTAINER,ANY,-1,,CORPS,CORPS,(any),-1,-1,Echelon Group,,False,0,,"Corps, Army.magx -> Corps, Army",yes
DIV. Motorized,DIV Motorized Rifle.entity,AggregateLevelBase,11:1:-1:9:18:1:-1,3:11:1:-1:9:18:1:-1,CONTAINER,ANY,-1,,DIV,DIV,MotorizedRifle,1,-1,Echelon Group,Motorized Rifle,False,0,,,yes
"DIV, Air Defense","DIV, Air Defense.entity",AggregateLevelBase,11:1:-1:9:11:1:-1,3:11:1:-1:9:11:1:-1,CONTAINER,ANY,-1,,DIV,DIV,AirDefenseArtillery,1,-1,Echelon Group,AD,False,0,,,yes
"DIV, Armor","DIV, Armor.entity",AggregateLevelBase,11:1:-1:9:2:1:-1,3:11:1:-1:9:2:1:-1,CONTAINER,ANY,-1,,DIV,DIV,Armor,1,-1,Echelon Group,Armor,False,0,,,yes
"DIV, Mech Infantry","DIV, Mech Infantry.entity",AggregateLevelBase,11:1:-1:9:4:1:-1,3:11:1:-1:9:4:1:-1,CONTAINER,ANY,-1,,DIV,DIV,MechanizedInfantry,1,-1,Echelon Group,Mech Infantry,False,0,,,yes
Flight,Flight_FWA.entity,AggregateLevelBase,11:2:-1:3:-1:-1:-1,3:11:2:-1:3:-1:-1:-1,AIR-CONTAINER,ANY,-1,,PLT,,(any),-1,-1,Echelon Group,FLT,False,0,,,yes
Generic 2-Ship,Generic 2-Ship.entity,AggregateLevelBase,11:2:-1:19:-1:-1:1,3:11:2:-1:19:-1:-1:1,AIR-CONTAINER,ANY,-1,,cat19,Flight,(any),-1,1,Echelon Group,Air Unit,False,0,,,yes
Generic 3-Ship,Generic 3-Ship.entity,AggregateLevelBase,11:2:-1:27:-1:-1:1,3:11:2:-1:27:-1:-1:1,AIR-CONTAINER,ANY,-1,,cat27,Flight,(any),-1,1,Echelon Group,Air Unit,False,0,,,yes
Generic 4-Ship,Generic 4-Ship.entity,AggregateLevelBase,11:2:-1:35:-1:-1:-1,3:11:2:-1:35:-1:-1:-1,AIR-CONTAINER,ANY,-1,,cat35,Flight,(any),-1,-1,Echelon Group Icon,Air Unit,False,0,,,yes
Generic Air Unit,Generic Air Unit.entity,AggregateLevelBase,11:2:-1:-1:-1:-1:-1,3:11:2:-1:-1:-1:-1:-1,AIR-CONTAINER,ANY,-1,,(any),,(any),-1,-1,Echelon Group Icon,Air Unit,False,0,,,yes
RGT SP Artillery PA,RGT SP Artillery PA.entity,AggregateLevelBase,11:1:-1:7:8:1:-1,3:11:1:-1:7:8:1:-1,CONTAINER,ANY,-1,,RGT,RGT,SelfPropelledArtillery,1,-1,Echelon Group Artillery Ground Vehicle,SP ARTY,False,0,,,yes
"RGT, Air Defense PA","RGT, Air Defense PA.entity",AggregateLevelBase,11:1:-1:7:11:1:-1,3:11:1:-1:7:11:1:-1,CONTAINER,ANY,-1,,RGT,RGT,AirDefenseArtillery,1,-1,Air Defense Echelon Group,ADA,False,0,,,yes
"RGT, Engineer","RGT, Engineer.entity",AggregateLevelBase,11:1:-1:7:10:1:-1,3:11:1:-1:7:10:1:-1,CONTAINER,ANY,-1,,RGT,RGT,Engineer,1,-1,Echelon Group,Engineer,False,0,,,yes
"Squadron, Naval","Squadron, Naval.entity",AggregateLevelBase,11:3:0:7:0:0:0,3:11:3:0:7:0:0:0,CONTAINER,GENERIC0,0,,RGT,,Other,0,0,Echelon Group,SQN,False,0,,,yes
"Task Force, Naval","Task Force, Naval.entity",AggregateLevelBase,11:3:0:9:0:0:0,3:11:3:0:9:0:0:0,CONTAINER,GENERIC0,0,,DIV,,Other,0,0,Echelon Group,TF,False,0,,,yes
base-sim-aggregate,base-sim-aggregate.entity,base,11:-1:-1:-1:-1:-1:-1,3:11:-1:-1:-1:-1:-1:-1,BASE-ABSTRACT,ANY,-1,,(any),,(any),-1,-1,,Gnd,True,0,,,yes
top-level-entity,top-level-entity.entity,base,11:254:254:11:254:254:254,3:11:254:254:11:254:254:254,TOP-LEVEL,C254,254,,FORCE,Force,(ext 254),254,254,,,True,0,,,yes
